-- phpMyAdmin SQL Dump
-- version 4.8.5
-- https://www.phpmyadmin.net/
--
-- Hôte : 127.0.0.1
-- Généré le :  mar. 21 jan. 2020 à 23:31
-- Version du serveur :  10.1.39-MariaDB
-- Version de PHP :  7.3.7

SET SQL_MODE = "NO_AUTO_VALUE_ON_ZERO";
SET AUTOCOMMIT = 0;
START TRANSACTION;
SET time_zone = "+00:00";


/*!40101 SET @OLD_CHARACTER_SET_CLIENT=@@CHARACTER_SET_CLIENT */;
/*!40101 SET @OLD_CHARACTER_SET_RESULTS=@@CHARACTER_SET_RESULTS */;
/*!40101 SET @OLD_COLLATION_CONNECTION=@@COLLATION_CONNECTION */;
/*!40101 SET NAMES utf8mb4 */;

--
-- Base de données :  `cibase`
--

-- --------------------------------------------------------

--
-- Structure de la table `taccess`
--

CREATE TABLE `taccess` (
  `taccess_id` int(3) NOT NULL,
  `taccess_user_name` varchar(10) NOT NULL DEFAULT '',
  `taccess_user_pwd` varchar(15) NOT NULL,
  `taccess_users_id` varchar(4) NOT NULL DEFAULT '',
  `taccess_typuser_id` char(3) NOT NULL DEFAULT '',
  `taccess_sdate` date DEFAULT NULL COMMENT 'Start date',
  `taccess_edate` date DEFAULT NULL COMMENT 'End date',
  `taccess_aut` varchar(20) DEFAULT NULL,
  `taccess_dmod` date DEFAULT NULL,
  `taccess_ecowas_id` char(3) NOT NULL DEFAULT '',
  `taccess_status` char(1) DEFAULT '1'
) ENGINE=InnoDB DEFAULT CHARSET=latin1;

--
-- Déchargement des données de la table `taccess`
--

INSERT INTO `taccess` (`taccess_id`, `taccess_user_name`, `taccess_user_pwd`, `taccess_users_id`, `taccess_typuser_id`, `taccess_sdate`, `taccess_edate`, `taccess_aut`, `taccess_dmod`, `taccess_ecowas_id`, `taccess_status`) VALUES
(3, 'usviewciv', 'ivoire', '3', 'VIE', '2007-04-01', '2007-04-30', 'NEZZI', '2007-04-11', 'CIV', '1'),
(4, 'usadm', 'usadm', '4', 'ADM', '2007-04-01', '2007-04-30', 'NEZZI', '2007-04-11', 'BFA', '1'),
(19, 'usviewben', 'benin', '11', 'VIE', '2009-02-28', '2009-02-28', 'CIB Manager', '2009-02-28', 'BEN', '1'),
(50, 'usinstgo', 'to228goins', '50', 'INS', '2007-07-12', '2007-07-12', 'cib', '2007-07-12', 'TGO', '1'),
(52, 'usvaltgo', 'val#to228', '51', 'VAL', '2008-03-03', '2007-07-12', NULL, '2008-03-03', 'TGO', '1'),
(55, 'usviewtgo', 'togo', '59', 'VIE', '2007-07-12', '2007-07-12', 'cib', NULL, 'TGO', '1'),
(61, 'usinsgb', 'gb245#', '61', 'INS', '2007-07-12', '2007-07-12', 'cib', '2008-10-10', 'GNB', '1'),
(63, 'usvalgb', 'v245algb', '63', 'VAL', '2007-07-12', '2007-07-12', 'cib', '2008-10-10', 'GNB', '1'),
(65, 'usviewgb', 'bissau', '69', 'VIE', '2008-03-03', NULL, NULL, '2008-10-10', 'GNB', '1'),
(80, 'usinsen', 'us221sen', '80', 'INS', NULL, NULL, NULL, NULL, 'SEN', '1'),
(81, 'sendip', '39f863d511', '81', 'VIE', '2007-07-12', '2007-07-12', 'cib', '2007-07-12', 'SEN', '1'),
(85, 'usviewsen', 'senegal', '89', 'VIE', '2007-07-12', '2007-07-12', 'cib', '2007-07-12', 'SEN', '1'),
(100, 'usinsgam', 's220gam', '151', 'INS', '2007-04-03', '2008-10-10', 'cib manager', '2008-10-10', 'GMB', '1'),
(101, 'usvalgam', 'fa220gam', '101', 'VAL', '2008-10-10', '2008-10-10', 'cib manager', '2008-10-10', 'GMB', '1'),
(102, 'usviewgam', 'gambia', '159', 'VIE', '2008-03-03', '2008-10-10', 'cib  manager', '2008-10-10', 'GMB', '1'),
(103, 'usinsmal', '*ins223mal', '105', 'INS', NULL, NULL, NULL, NULL, 'MLI', '1'),
(104, 'usviewmal', 'mali', '129', 'VIE', '2008-03-03', NULL, NULL, '2008-03-03', 'MLI', '1'),
(105, 'usvalmal', 'mal*223val', '103', 'VAL', NULL, NULL, NULL, NULL, 'MLI', '1'),
(106, 'usvalsen', 'dvaliop221', '81', 'VAL', NULL, NULL, NULL, NULL, 'SEN', '1'),
(108, 'usvalsl', '232#valslZk', '131', 'VAL', NULL, '2009-03-01', NULL, '2009-03-01', 'SLE', '1'),
(109, 'usinsl', '*232#insl', '131', 'INS', NULL, NULL, NULL, NULL, 'SLE', '1'),
(110, 'usviewnig', 'nigeria', '79', 'VIE', NULL, NULL, 'cib manager', NULL, 'NGA', '1'),
(111, 'usvalnig', 'val234nig', '70', 'VAL', NULL, NULL, 'cib manager', NULL, 'NGA', '1'),
(112, 'usinsnig', 'us234nig', '70', 'INS', NULL, NULL, NULL, NULL, 'NGA', '1'),
(114, 'usviewsl', 'sierraleone', '139', 'VIE', NULL, NULL, NULL, NULL, 'SLE', '1'),
(160, 'usinsciv', 'ins225civ', '101', 'INS', '2008-03-03', NULL, 'cib', '2008-03-03', 'CIV', '1'),
(162, 'usvalciv', 'valcival£5', '100', 'VAL', '2008-03-03', NULL, NULL, '2008-03-03', 'CIV', '1'),
(163, 'usviewciv', 'civ', '109', 'VIE', '2008-03-03', NULL, 'cib', '2008-03-03', 'CIV', '1'),
(164, 'usinsbf', 'bf226*g', '20', 'INS', '2008-10-10', '2008-10-10', 'cib manager', '2008-10-10', 'BFA', '1'),
(165, 'usvalbf', '2val26bf', '20', 'VAL', '2008-10-10', '2008-10-10', NULL, '2008-10-10', 'BFA', '1'),
(166, 'usinsen1', '221sen', '80', 'INS', '2008-10-10', '2008-10-10', 'cib manager', '2008-10-10', 'SEN', '1'),
(167, 'usinsen2', 'sen221*', '1276', 'INS', '2008-10-10', '2008-10-10', 'cib manager', '2008-10-10', 'SEN', '1'),
(169, 'usviewbf', 'burkina', '163', 'VIE', '2009-02-26', '2009-02-26', 'Cib Manager', NULL, 'BFA', '1'),
(170, 'usinsner', '227%ins', '41', 'INS', '2009-02-27', '2009-02-27', 'CIB Manager', '2009-02-27', 'NER', '1'),
(171, 'usvalner', 'val=227!', '40', 'VAL', '2009-02-27', '2009-02-27', 'CIB Manager', '2009-02-27', 'NER', '1'),
(179, 'usviewner', 'niger', '40', 'VIE', '2009-03-01', '2009-03-01', 'CIB Manager', '2009-03-01', 'NER', '1'),
(180, 'usinscpv', 'cpv238_ins', '111', 'INS', '2009-02-27', '2009-02-27', NULL, '2009-02-27', 'CPV', '1'),
(181, 'usvalcpv', 'valpv238*', '112', 'VAL', '2009-02-27', '2009-02-27', NULL, '2009-02-27', 'CPV', '1'),
(183, 'usviewcpv', 'capvert', 'VIE', '111', '2009-02-27', '2009-02-27', 'CIB Manager', '2009-02-27', 'CPV', '1'),
(190, 'usinsgu', 'gu224+', '190', 'INS', '2009-02-27', '2009-02-27', NULL, '2009-02-27', 'GIN', '1'),
(191, 'usvalgu', 'val224*', '199', 'VIE', '2009-02-27', '2009-02-27', NULL, '2009-02-27', 'GIN', '1'),
(199, 'usviewgu', 'guinee', '99', 'VIE', '2009-03-01', '2009-03-01', 'CIB Manager', '2009-03-01', 'GIN', '1'),
(200, 'usinslib', 'lib231ins', '140', 'INS', '2009-02-27', '2009-02-27', 'CIB MManager', '2009-02-27', 'LBR', '1'),
(201, 'usvalib', 'lib231@', '140', 'VAL', '2009-02-27', '2009-02-27', 'CIB Manager', '2009-02-27', 'LBR', '1'),
(203, 'usviewlib', 'liberia', '140', 'VIE', '2009-02-27', '2009-02-27', NULL, '2009-02-27', 'LBR', '1'),
(210, 'usinsben', 'ins229*K', '12', 'INS', '2009-02-27', '2009-02-27', 'CIB Manager', '2009-02-27', 'BEN', '1'),
(211, 'usvalben', 'v229al+ben', '12', 'VAL', '2009-02-27', '2009-02-27', NULL, '2009-02-27', 'BEN', '1'),
(220, 'usinsgha', '234Gh*A', '30', 'INS', '2009-02-27', '2009-02-27', NULL, '2009-02-27', 'GHA', '1'),
(221, 'usvalgha', 'val*234#B', '30', 'VAL', '2009-02-27', '2009-02-27', NULL, '2009-02-27', 'GHA', '1'),
(222, 'usviewgha', 'ghana', '31', 'VIE', '2009-02-27', '2009-02-27', NULL, '2009-02-27', 'GHA', '1');

-- --------------------------------------------------------

--
-- Structure de la table `tbuying_07`
--

CREATE TABLE `tbuying_07` (
  `tbuying_rowid` int(6) NOT NULL,
  `tbuying_ec_id` char(3) NOT NULL DEFAULT '' COMMENT 'Foreign Key : Table tecowas (tecowas_id)',
  `tbuying_product_id` varchar(30) NOT NULL,
  `tbuying_uv` varchar(20) DEFAULT NULL COMMENT 'Unit value',
  `tbuying_concent_id` varchar(20) DEFAULT NULL,
  `tbuying_categ_id` varchar(20) DEFAULT NULL,
  `tbuying_dosage_id` varchar(4) DEFAULT NULL,
  `tbuying_smalunit_id` int(3) NOT NULL DEFAULT '0' COMMENT 'Foreign Key : Table tsmalunit_en (tsmalunit_id)',
  `tbuying_us` varchar(20) DEFAULT NULL COMMENT 'Unit Size',
  `tbuying_pack_id` int(3) NOT NULL DEFAULT '0' COMMENT 'Foreign Key : Table tpack_en (tpack_id)',
  `tbuying_pack_size` decimal(4,0) NOT NULL,
  `tbuying_price_per_pack` decimal(14,4) NOT NULL DEFAULT '0.0000',
  `tbuying_qty_pack` decimal(14,4) NOT NULL,
  `tbuying_price_per_pack_dol` decimal(14,4) DEFAULT NULL,
  `tbuying_price_per_pack_eur` decimal(14,4) DEFAULT NULL,
  `tbuying_ppu` decimal(14,4) NOT NULL DEFAULT '0.0000',
  `tbuying_tcost` decimal(14,4) DEFAULT NULL,
  `tbuying_tcost_dol` decimal(14,4) NOT NULL,
  `tbuying_tcost_eur` decimal(14,4) NOT NULL,
  `tbuying_qu` double(14,4) NOT NULL DEFAULT '0.0000',
  `tbuying_present_id` int(3) NOT NULL DEFAULT '0' COMMENT 'Foreign Key : Table tpresent_en (tpresent_id)',
  `tbuying_inco_id` char(3) NOT NULL DEFAULT '',
  `tbuying_dbid` date NOT NULL DEFAULT '2007-07-12',
  `tbuying_cur_id` char(3) NOT NULL DEFAULT '',
  `tbuying_exr` float DEFAULT NULL COMMENT 'Exchange Rate',
  `tbuying_ppu_cur` double(14,4) NOT NULL DEFAULT '1.0000',
  `tbuying_srcfund_id` varchar(4) NOT NULL DEFAULT '',
  `tbuying_prov_id` int(5) NOT NULL DEFAULT '0' COMMENT 'Foreign Key : Table tprovrider (tprod_id)',
  `tbuying_prov_coun_id` char(3) DEFAULT NULL,
  `tbuying_manu_id` int(5) NOT NULL DEFAULT '0' COMMENT 'Foreign Key : Table tmanufacturer (tmanu_id)',
  `tbuying_manu_coun_id` char(3) DEFAULT NULL,
  `tbuying_type_prov_id` varchar(20) NOT NULL DEFAULT '' COMMENT 'Foreign Key : Table ttypeprov_en (tprovtype_p_id)',
  `tbuying_transport_id` char(3) NOT NULL DEFAULT '',
  `tbuying_lead_time` varchar(10) DEFAULT NULL,
  `tbuying_date` date NOT NULL DEFAULT '2007-07-12',
  `tbuying_auth` varchar(20) NOT NULL DEFAULT '' COMMENT 'Author of modification',
  `tbuying_dmod` date DEFAULT NULL,
  `tbuying_remark` mediumtext,
  `tbuying_status` char(1) DEFAULT NULL,
  `tbuying_ppu_dol` decimal(14,4) NOT NULL,
  `tbuying_ppu_eur` decimal(14,4) NOT NULL
) ENGINE=InnoDB DEFAULT CHARSET=latin1;

--
-- Déchargement des données de la table `tbuying_07`
--

INSERT INTO `tbuying_07` (`tbuying_rowid`, `tbuying_ec_id`, `tbuying_product_id`, `tbuying_uv`, `tbuying_concent_id`, `tbuying_categ_id`, `tbuying_dosage_id`, `tbuying_smalunit_id`, `tbuying_us`, `tbuying_pack_id`, `tbuying_pack_size`, `tbuying_price_per_pack`, `tbuying_qty_pack`, `tbuying_price_per_pack_dol`, `tbuying_price_per_pack_eur`, `tbuying_ppu`, `tbuying_tcost`, `tbuying_tcost_dol`, `tbuying_tcost_eur`, `tbuying_qu`, `tbuying_present_id`, `tbuying_inco_id`, `tbuying_dbid`, `tbuying_cur_id`, `tbuying_exr`, `tbuying_ppu_cur`, `tbuying_srcfund_id`, `tbuying_prov_id`, `tbuying_prov_coun_id`, `tbuying_manu_id`, `tbuying_manu_coun_id`, `tbuying_type_prov_id`, `tbuying_transport_id`, `tbuying_lead_time`, `tbuying_date`, `tbuying_auth`, `tbuying_dmod`, `tbuying_remark`, `tbuying_status`, `tbuying_ppu_dol`, `tbuying_ppu_eur`) VALUES
(2001, 'BFA', 'abc100mgo', NULL, NULL, 'ARV', NULL, 4, NULL, 1, '100', '200.0000', '30000.0000', '312.0000', '200.0000', '2.0000', '6000000.0000', '0.0000', '0.0000', 0.0000, 1, 'CIB', '2009-03-01', 'EUR', 655.96, 3.1200, 'ADB', 15, 'ZAF', 15, 'ZAF', '2', 'AIR', '60', '2009-03-03', 'usinsbf', '2009-03-03', NULL, '1', '3.1200', '2.0000'),
(2006, 'BFA', 'abc100mgo', NULL, NULL, 'ARV', NULL, 5, NULL, 2, '60', '10.0000', '200000.0000', '15.6000', '10.0000', '0.1667', '2000000.0000', '3120000.0000', '2000000.0000', 0.0000, 1, 'DDU', '2009-03-02', 'EUR', 655.96, 1.0000, 'GF', 15, 'ZAF', 15, 'ZAF', '3', 'AIR', '7', '2009-03-11', 'usinsbf', '2009-03-11', NULL, '2', '0.2600', '0.1667'),
(1998, 'BFA', 'bcg', NULL, NULL, 'VAC', NULL, 4, NULL, 1, '202', '11.0000', '40000.0000', '11.0000', '7.0400', '0.0545', '440000.0000', '686400.0000', '440000.0000', 0.0000, 3, 'FOB', '2009-03-01', 'EUR', 1000, 0.1560, 'OTHE', 137, 'USA', 3, 'USA', '3', 'OTH', '60', '2009-03-03', 'usinsbf', '2009-03-03', NULL, '2', '0.0850', '0.0545'),
(2004, 'BFA', 'ison100mgt', NULL, NULL, 'ATB', NULL, 4, NULL, 1, '100', '10.0000', '500.0000', '15.6000', '10.0000', '0.1000', '5000.0000', '7800.0000', '5000.0000', 0.0000, 1, 'CIB', '2009-03-02', 'EUR', 655.96, 1.0000, 'CST', 97, 'GNB', 24, 'BRA', '5', 'LAN', '15', '2009-03-08', 'usinsbf', '2009-03-08', NULL, '1', '0.1560', '0.1000'),
(1999, 'BFA', 'lpv200rit50mgc', NULL, NULL, 'ARV', NULL, 2, NULL, 2, '100', '2.0000', '500.0000', '3.1200', '2.0000', '0.0200', '1000.0000', '0.0000', '0.0000', 0.0000, 1, 'FOB', '2009-03-01', 'EUR', 655.96, 0.0312, 'ADB', 15, 'ZAF', 15, 'ZAF', '3', 'OTH', '100', '2009-03-03', 'usinsbf', '2009-03-03', 'Commentaires tres grave meme', '1', '0.0312', '0.0200'),
(2005, 'BFA', 'zdv100cap', NULL, NULL, 'ARV', NULL, 3, NULL, 2, '60', '2.0000', '20000.0000', '3.1200', '2.0000', '0.0333', '40000.0000', '62400.0000', '40000.0000', 0.0000, 1, 'FOB', '2009-03-03', 'EUR', 655.96, 1.0000, 'OTHE', 101, 'IND', 62, 'IND', '1', 'AIR', '7', '2009-03-11', 'usinsbf', '2009-03-11', 'Test a supprimer', '2', '0.0520', '0.0333'),
(143, 'GMB', 'artlum20120mgt', NULL, NULL, 'APA', NULL, 2, NULL, 1, '12', '0.9000', '0.0000', '0.9000', '0.5760', '0.9000', '240273.0000', '0.0000', '0.0000', 266970.0000, 1, 'CIF', '2009-01-01', 'USD', 20, 0.5800, 'GF', 129, 'DNK', 39, 'SWZ', '2', 'AIR', '120', '2009-01-13', 'usinsgam', '2009-01-13', NULL, '2', '0.9000', '0.5800'),
(144, 'GMB', 'artlum20120mgt', NULL, NULL, 'APA', NULL, 2, NULL, 2, '6', '0.4500', '0.0000', '0.4500', '0.2880', '0.4500', '161001.0000', '0.0000', '0.0000', 357780.0000, 1, 'CIF', '2008-01-01', 'USD', 20, 0.2900, 'GF', 1, 'EGY', 39, 'SWZ', '2', 'AIR', '120', '2009-01-13', 'usinsgam', '2009-01-13', NULL, '2', '0.4500', '0.2900'),
(142, 'GMB', 'artlum20120mgt', NULL, NULL, 'APA', NULL, 2, NULL, 2, '24', '1.3500', '0.0000', '1.3500', '0.8640', '1.3500', '242959.5000', '0.0000', '0.0000', 179970.0000, 1, 'CIF', '2008-01-01', 'USD', 20, 0.8600, 'GF', 1, 'EGY', 39, 'SWZ', '2', 'AIR', '120', '2009-01-13', 'usinsgam', '2009-01-13', NULL, '2', '1.3500', '0.8600'),
(145, 'GMB', 'artlum20120mgt', NULL, NULL, 'APA', NULL, 2, NULL, 2, '24', '1.8000', '0.0000', '1.8000', '1.1520', '1.8000', '484758.0000', '0.0000', '0.0000', 269310.0000, 1, 'CIF', '2008-01-01', 'USD', 20, 1.1500, 'GF', 1, 'EGY', 39, 'SWZ', '2', 'AIR', '120', '2009-01-13', 'usinsgam', '2009-01-13', NULL, '2', '1.8000', '1.1500'),
(139, 'GMB', 'efz200mgt', NULL, NULL, 'ARV', NULL, 2, NULL, 1, '90', '18.0000', '0.0000', '18.0000', '11.5200', '0.2000', '6.0000', '0.0000', '0.0000', 30.0000, 2, 'CIF', '2007-09-07', 'USD', 20, 0.1300, 'GF', 11, 'IND', 11, 'IND', '4', 'AIR', '90', '2009-01-13', 'usinsgam', '2009-01-13', NULL, '2', '0.2000', '0.1300'),
(131, 'GMB', 'efz200mgt', NULL, NULL, 'ARV', NULL, 2, NULL, 1, '90', '18.0000', '0.0000', '18.0000', '11.5200', '18.0000', '540.0000', '0.0000', '0.0000', 30.0000, 3, 'CIF', '2007-09-07', 'USD', 20, 11.5200, 'GF', 11, 'IND', 11, 'IND', '2', 'AIR', '90', '2009-01-13', 'usinsgam', '2009-01-13', NULL, '2', '18.0000', '11.5200'),
(141, 'GMB', 'lmv150mgt', NULL, NULL, 'ARV', NULL, 2, NULL, 1, '60', '2.9900', '0.0000', '2.9900', '1.9136', '0.0490', '1.9600', '0.0000', '0.0000', 40.0000, 2, 'CIF', '2009-01-07', 'USD', 20, 0.0300, 'GF', 11, 'IND', 11, 'IND', '4', 'AIR', '90', '2009-01-13', 'usinsgam', '2009-01-13', NULL, '2', '0.0500', '0.0300'),
(136, 'GMB', 'lmv150mgt', NULL, NULL, 'ARV', NULL, 2, NULL, 1, '60', '8.2500', '0.0000', '8.2500', '5.2800', '0.1370', '68.5000', '0.0000', '0.0000', 500.0000, 2, 'CIF', '2007-01-07', 'USD', 20, 0.0900, 'GF', 16, 'IND', 16, 'IND', '4', 'AIR', '90', '2009-01-13', 'usinsgam', '2009-01-13', NULL, '2', '0.1400', '0.0900'),
(135, 'GMB', 'lpv200rit50mgc', NULL, NULL, 'ARV', NULL, 3, NULL, 1, '120', '41.0000', '0.0000', '41.0000', '26.2400', '0.3410', '750.2000', '0.0000', '0.0000', 2200.0000, 2, 'CIB', '2009-01-07', 'USD', 20, 0.2200, 'GF', 15, 'ZAF', 15, 'ZAF', '4', 'AIR', '90', '2009-01-13', 'usinsgam', '2009-01-13', NULL, '2', '0.3400', '0.2200'),
(146, 'GMB', 'nevi10mgo', NULL, NULL, 'ARV', NULL, 4, NULL, 1, '100', '1.7500', '0.0000', '1.7500', '1.1200', '1.7500', '5425.0000', '0.0000', '0.0000', 3100.0000, 3, 'CIF', '2007-01-07', 'USD', 20, 1.1200, 'GF', 109, 'SLE', 11, 'IND', '2', 'AIR', '90', '2009-01-13', 'usinsgam', '2009-01-13', NULL, '2', '1.7500', '1.1200'),
(137, 'GMB', 'nevi200mg', NULL, NULL, 'ARV', NULL, 2, NULL, 1, '60', '4.8500', '0.0000', '4.8500', '3.1040', '0.0800', '40.0000', '0.0000', '0.0000', 500.0000, 2, 'CIF', '2007-01-07', 'USD', 20, 0.0500, 'ADB', 109, 'SLE', 16, 'IND', '2', 'AIR', '90', '2009-01-13', 'usinsgam', '2009-01-13', NULL, '2', '0.0800', '0.0500'),
(147, 'GMB', 'quin300mg2ml', NULL, NULL, 'APA', NULL, 4, NULL, 1, '100', '25.5700', '0.0000', '25.5700', '16.3648', '0.2500', '12500.0000', '0.0000', '0.0000', 50000.0000, 3, 'CIF', '2008-01-09', 'USD', 20, 0.1600, 'GF', 23, 'SEN', 38, 'IND', '2', 'AIR', '90', '2009-01-13', 'usinsgam', '2009-01-13', NULL, '2', '0.2500', '0.1600'),
(149, 'GMB', 'quin300mgt', NULL, NULL, 'APA', NULL, 2, NULL, 1, '1000', '81.6300', '0.0000', '81.6300', '52.2432', '0.8100', '810.0000', '0.0000', '0.0000', 1000.0000, 2, 'CIF', '2008-01-02', 'USD', 20, 0.5200, 'GF', 1, 'EGY', 15, 'ZAF', '2', 'AIR', '90', '2009-01-13', 'usinsgam', '2009-01-13', NULL, '2', '0.8100', '0.5200'),
(140, 'GMB', 'stv30lmv150', NULL, NULL, 'ARV', NULL, 2, NULL, 1, '60', '14.3400', '0.0000', '14.3400', '9.1776', '0.2390', '71.7000', '0.0000', '0.0000', 300.0000, 2, 'CIF', '2007-09-07', 'USD', 20, 0.1500, 'GF', 20, 'IND', 18, 'IND', '4', 'AIR', '90', '2009-01-13', 'usinsgam', '2009-01-13', NULL, '2', '0.2400', '0.1500'),
(148, 'GMB', 'sul500pyr25', NULL, NULL, 'APA', NULL, 2, NULL, 1, '1000', '24.1200', '0.0000', '24.1200', '15.4368', '0.0240', '48.0000', '0.0000', '0.0000', 2000.0000, 2, 'CIF', '2008-01-03', 'USD', 20, 0.0200, 'ADB', 1, 'EGY', 15, 'ZAF', '2', 'AIR', '90', '2009-01-13', 'usinsgam', '2009-01-13', NULL, '2', '0.0200', '0.0100'),
(133, 'GMB', 'zdv300lmv150', NULL, NULL, 'ARV', NULL, 4, NULL, 1, '60', '9.8500', '0.0000', '9.8500', '6.3040', '0.1640', '278.8000', '0.0000', '0.0000', 1700.0000, 3, 'CIF', '2007-01-07', 'USD', 20, 0.1000, 'GF', 101, 'IND', 16, 'IND', '4', 'AIR', '90', '2009-01-13', 'usinsgam', '2009-01-13', NULL, '2', '0.1600', '0.1000'),
(138, 'GMB', 'zdv300mgt', NULL, NULL, 'ARV', NULL, 2, NULL, 1, '60', '11.7500', '0.0000', '11.7500', '7.5200', '0.1950', '14.6250', '0.0000', '0.0000', 75.0000, 2, 'CIF', '2009-01-07', 'USD', 20, 0.1200, 'GF', 3, 'IND', 18, 'IND', '4', 'AIR', '90', '2009-01-13', 'usinsgam', '2009-01-13', NULL, '2', '0.2000', '0.1300'),
(134, 'GMB', 'zdv50mgo', NULL, NULL, 'ARV', NULL, 4, NULL, 1, '100', '3.1870', '0.0000', '3.1900', '2.0416', '3.1870', '3187.0000', '0.0000', '0.0000', 1000.0000, 3, 'CIF', '2007-08-07', 'USD', 20, 2.0400, 'GF', 20, 'IND', 18, 'IND', '4', 'AIR', '90', '2009-01-13', 'usinsgam', '2009-01-13', NULL, '2', '3.1900', '2.0400'),
(132, 'GMB', 'zdvlmvnvp300150200mgt', NULL, NULL, 'ARV', NULL, 2, NULL, 1, '60', '13.8500', '0.0000', '13.8500', '8.8640', '0.2300', '575.0000', '0.0000', '0.0000', 2500.0000, 3, 'CIB', '2007-01-07', 'USD', 20, 0.1500, 'GF', 101, 'IND', 16, 'IND', '4', 'AIR', '90', '2009-01-13', 'usinsgam', '2009-01-13', NULL, '2', '0.2300', '0.1500'),
(59, 'GNB', 'abc20mgo', NULL, NULL, 'ARV', NULL, 4, NULL, 1, '240', '13.0000', '0.0000', '13.0000', '8.0000', '0.1400', '3225.6000', '0.0000', '0.0000', 23040.0000, 3, 'CIP', '2007-06-27', 'USD', 455, 0.0900, 'GF', 140, 'CAN', 32, 'CAN', '2', 'AIR', NULL, '2009-01-10', 'usinsgb', '2009-01-10', NULL, '2', '0.1400', '0.0900'),
(68, 'GNB', 'abc300mgt', NULL, NULL, 'ARV', NULL, 2, NULL, 2, '60', '159.0000', '0.0000', '159.0000', '102.0000', '0.5300', '9540.0000', '0.0000', '0.0000', 18000.0000, 2, 'CIP', '2007-08-23', 'USD', 455, 0.3400, 'GF', 127, 'IND', 33, 'IND', '2', 'AIR', NULL, '2009-01-10', 'usinsgb', '2009-01-10', NULL, '2', '0.5300', '0.3400'),
(42, 'GNB', 'abc300mgt', NULL, NULL, 'ARV', NULL, 2, NULL, 2, '60', '399.0000', '0.0000', '399.0000', '255.0000', '0.9500', '23940.0000', '0.0000', '0.0000', 25200.0000, 2, 'CIP', '2006-03-13', 'USD', 455, 0.6100, 'GF', 136, 'GBR', 27, 'GBR', '2', 'AIR', NULL, '2009-01-10', 'usinsgb', '2009-01-10', NULL, '2', '0.9500', '0.6100'),
(72, 'GNB', 'abc300mgt', NULL, NULL, 'ARV', NULL, 2, NULL, 2, '60', '418.9000', '0.0000', '419.0000', '268.0000', '0.5900', '25134.0000', '0.0000', '0.0000', 42600.0000, 2, 'CIP', '2007-10-11', 'USD', 455, 0.3800, 'GF', 140, 'CAN', 32, 'CAN', '2', 'AIR', NULL, '2009-01-10', 'usinsgb', '2009-01-10', NULL, '2', '0.5900', '0.3800'),
(92, 'GNB', 'amo153mgt', NULL, NULL, 'APA', NULL, 2, NULL, 2, '540', '40500.0000', '0.0000', '63180.0000', '40500.0000', '0.0800', '17415.0000', '0.0000', '0.0000', 232200.0000, 1, 'CIB', '2007-08-16', 'EUR', 655.96, 0.1200, 'GF', 1, 'EGY', 998, 'USA', '3', 'AIR', NULL, '2009-01-12', 'usinsgb', '2009-01-12', NULL, '2', '0.1100', '0.0700'),
(97, 'GNB', 'artlum20120mgt', NULL, NULL, 'APA', NULL, 2, NULL, 2, '6', '11556.0000', '0.0000', '11556.0000', '7396.0000', '2.2500', '11556.0000', '0.0000', '0.0000', 5136.0000, 2, 'CIB', '2007-08-21', 'USD', 478, 1.4400, 'GF', 126, 'IND', 39, 'SWZ', '3', 'AIR', NULL, '2009-01-12', 'usinsgb', '2009-01-12', NULL, '2', '2.2500', '1.4400'),
(98, 'GNB', 'artlum20120mgt', NULL, NULL, 'APA', NULL, 2, NULL, 2, '12', '17226.0000', '0.0000', '17226.0000', '11025.0000', '2.2500', '17226.0000', '0.0000', '0.0000', 7656.0000, 2, 'CIP', '2007-08-21', 'USD', 478, 1.4400, 'GF', 126, 'IND', 39, 'SWZ', '3', 'AIR', NULL, '2009-01-12', 'usinsgb', '2009-01-12', NULL, '2', '2.2500', '1.4400'),
(99, 'GNB', 'artlum20120mgt', NULL, NULL, 'APA', NULL, 2, NULL, 2, '18', '17415.0000', '0.0000', '17415.0000', '11146.0000', '2.2500', '17415.0000', '0.0000', '0.0000', 7740.0000, 2, 'CIP', '2007-08-21', 'USD', 478, 1.4400, 'GF', 121, 'DNK', 39, 'SWZ', '3', 'AIR', NULL, '2009-01-12', 'usinsgb', '2009-01-12', NULL, '2', '2.2500', '1.4400'),
(100, 'GNB', 'artlum20120mgt', NULL, NULL, 'APA', NULL, 2, NULL, 2, '24', '34776.0000', '0.0000', '34776.0000', '22257.0000', '2.2500', '34776.0000', '0.0000', '0.0000', 15456.0000, 2, 'CIP', '2007-08-21', 'USD', 478, 1.4400, 'GF', 121, 'DNK', 39, 'SWZ', '3', 'AIR', NULL, '2009-01-12', 'usinsgb', '2009-01-12', NULL, '2', '2.2500', '1.4400'),
(90, 'GNB', 'artlum20120mgt', NULL, NULL, 'APA', NULL, 2, NULL, 2, '300', '13.5000', '0.0000', '21.0000', '14.0000', '0.0800', '11556.0000', '0.0000', '0.0000', 154080.0000, 1, 'FOB', '2007-08-16', 'EUR', 655.96, 0.1200, 'GF', 121, 'DNK', 998, 'USA', '3', 'AIR', NULL, '2009-01-11', 'usinsgb', '2009-01-11', NULL, '2', '0.1100', '0.0700'),
(91, 'GNB', 'artlum20120mgt', NULL, NULL, 'APA', NULL, 2, NULL, 2, '360', '27.0000', '0.0000', '42.0000', '27.0000', '0.0800', '17226.0000', '0.0000', '0.0000', 229680.0000, 1, 'FOB', '2007-09-16', 'EUR', 655.96, 0.1200, 'GF', 121, 'DNK', 998, 'USA', '3', 'AIR', NULL, '2009-01-11', 'usinsgb', '2009-01-11', NULL, '2', '0.1100', '0.0700'),
(93, 'GNB', 'artlum20120mgt', NULL, NULL, 'APA', NULL, 2, NULL, 2, '720', '54.0000', '0.0000', '84.0000', '54.0000', '0.0800', '34776.0000', '0.0000', '0.0000', 463680.0000, 1, 'FOB', '2007-08-16', 'EUR', 655.96, 0.1200, 'GF', 121, 'DNK', 998, 'USA', '3', 'AIR', NULL, '2009-01-12', 'usinsgb', '2009-01-12', NULL, '2', '0.1100', '0.0700'),
(24, 'GNB', 'chl100mgt', NULL, NULL, 'APA', NULL, 2, NULL, 1, '0', '3.7500', '0.0000', '6.0000', '4.0000', '3.0000', '600750.0000', '0.0000', '0.0000', 200000.0000, 3, 'FOB', '2007-04-23', 'EUR', 655.97, 4.6900, 'CST', 2, 'NDL', 998, 'USA', '1', 'SEA', '90', '2008-12-24', 'usinsgb', '2008-12-24', NULL, '2', '4.6800', '3.0000'),
(86, 'GNB', 'chl10mg5ml', NULL, NULL, 'APA', NULL, 4, NULL, 2, '195', '68.2500', '0.0000', '106.0000', '68.0000', '0.3500', '2730.0000', '0.0000', '0.0000', 7800.0000, 3, 'FOB', '2007-09-20', 'EUR', 655.96, 0.5500, 'OTHE', 108, 'NDL', 36, 'BEL', '2', 'SEA', NULL, '2009-01-11', 'usinsgb', '2009-01-11', NULL, '2', '0.5500', '0.3500'),
(85, 'GNB', 'chl10mg5ml', NULL, NULL, 'APA', NULL, 4, NULL, 2, '195', '70.0000', '0.0000', '109.0000', '70.0000', '0.3600', '2094.3000', '0.0000', '0.0000', 5850.0000, 3, 'FOB', '2007-04-23', 'EUR', 655.96, 0.5600, 'OTHE', 108, 'NDL', 4, 'BEL', '1', 'SEA', NULL, '2009-01-11', 'usinsgb', '2009-01-11', NULL, '2', '0.5600', '0.3600'),
(25, 'GNB', 'chl150mgt', NULL, NULL, 'APA', NULL, 2, NULL, 1, '0', '3.7500', '0.0000', '6.0000', '4.0000', '0.0100', '3000.0000', '0.0000', '0.0000', 600000.0000, 3, 'FOB', '2007-04-23', 'EUR', 655.97, 0.0100, 'CST', 2, 'NDL', 998, 'USA', '1', 'SEA', '90', '2008-12-24', 'usinsgb', '2008-12-24', NULL, '2', '0.0200', '0.0100'),
(87, 'GNB', 'chl150mgt', NULL, NULL, 'APA', NULL, 2, NULL, 2, '1000', '5.0000', '0.0000', '8.0000', '5.0000', '0.0100', '3000.0000', '0.0000', '0.0000', 600000.0000, 2, 'FOB', '2007-04-23', 'EUR', 655.96, 0.0100, 'OTHE', 108, 'NDL', 36, 'BEL', '1', 'SEA', NULL, '2009-01-11', 'usinsgb', '2009-01-11', NULL, '2', '0.0200', '0.0100'),
(23, 'GNB', 'chl50mg5ml', NULL, NULL, 'APA', NULL, 4, NULL, 2, '0', '69.9900', '0.0000', '109.0000', '70.0000', '0.3600', '2106.0000', '0.0000', '0.0000', 5850.0000, 3, 'FOB', '2007-04-23', 'EUR', 655.97, 0.5600, 'CST', 2, 'NDL', 998, NULL, '1', 'SEA', '90', '2008-12-24', 'usinsgb', '2008-12-24', NULL, '2', '0.5600', '0.3600'),
(79, 'GNB', 'cond', NULL, NULL, 'CON', NULL, 6, NULL, 2, '144', '3.4000', '0.0000', '3.0000', '2.0000', '0.0200', '16992.0000', '0.0000', '0.0000', 720000.0000, 2, 'CIP', '2007-07-19', 'USD', 462.45, 0.0200, 'EU', 998, 'DNK', 35, 'CHN', '3', 'SEA', NULL, '2009-01-11', 'usinsgb', '2009-01-11', NULL, '2', '0.0200', '0.0100'),
(83, 'GNB', 'coppt380', NULL, NULL, 'CON', NULL, 10, NULL, 2, '50', '10.4000', '0.0000', '10.0000', '7.0000', '0.2100', '2080.0000', '0.0000', '0.0000', 10000.0000, 2, 'CIB', '2007-06-14', 'USD', 479.51, 0.1300, 'EU', 128, 'DNK', 38, 'IND', '3', 'AIR', NULL, '2009-01-11', 'usinsgb', '2009-01-11', NULL, '2', '0.2100', '0.1300'),
(31, 'GNB', 'ddl100mgt', NULL, NULL, 'ARV', NULL, 2, NULL, 1, '0', '1742.0000', '0.0000', '1742.0000', '1115.0000', '0.4200', '1738.8000', '0.0000', '0.0000', 4140.0000, 2, 'CIB', '2006-01-02', 'USD', 455, 0.2700, 'OTHE', 124, 'BRA', 22, 'BRA', '3', 'AIR', NULL, '2009-01-10', 'usinsgb', '2009-01-10', NULL, '2', '0.4200', '0.2700'),
(73, 'GNB', 'ddl200mgc', NULL, NULL, 'ARV', NULL, 2, NULL, 2, '60', '20.0000', '0.0000', '20.0000', '13.0000', '0.5900', '1203.6000', '0.0000', '0.0000', 2040.0000, 2, 'CIP', '2007-10-11', 'USD', 455, 0.3800, 'GF', 137, 'USA', 14, 'FRA', '2', 'AIR', NULL, '2009-01-10', 'usinsgb', '2009-01-10', NULL, '2', '0.5900', '0.3800'),
(44, 'GNB', 'ddl400mgc', NULL, NULL, 'ARV', NULL, 3, NULL, 2, '30', '344.0000', '0.0000', '344.0000', '220.0000', '0.8600', '10320.0000', '0.0000', '0.0000', 12000.0000, 2, 'CIP', '2006-03-13', 'USD', 455, 0.5500, 'GF', 137, 'USA', 14, 'FRA', '2', 'AIR', NULL, '2009-01-10', 'usinsgb', '2009-01-10', NULL, '2', '0.8600', '0.5500'),
(41, 'GNB', 'efz200mgt', NULL, NULL, 'ARV', NULL, 2, NULL, 2, '90', '396.0000', '0.0000', '396.0000', '253.0000', '0.3900', '35661.6000', '0.0000', '0.0000', 91440.0000, 2, 'CIP', '2006-03-13', 'USD', 455, 0.2500, 'GF', 108, 'NDL', 28, 'NLD', '2', 'AIR', NULL, '2009-01-10', 'usinsgb', '2009-01-10', NULL, '2', '0.3900', '0.2500'),
(58, 'GNB', 'efz30mgo', NULL, NULL, 'ARV', NULL, 4, NULL, 2, '180', '7.0000', '0.0000', '7.0000', '4.0000', '0.1100', '1267.2000', '0.0000', '0.0000', 11520.0000, 3, 'CIP', '2007-06-27', 'USD', 455, 0.0700, 'GF', 139, 'NDL', 28, 'NLD', '2', 'AIR', NULL, '2009-01-10', 'usinsgb', '2009-01-10', NULL, '2', '0.1100', '0.0700'),
(40, 'GNB', 'efz600mgt', NULL, NULL, 'ARV', NULL, 2, NULL, 2, '30', '81.0000', '0.0000', '81.0000', '52.0000', '0.8500', '25908.0000', '0.0000', '0.0000', 30480.0000, 1, 'CIP', '2006-03-13', 'USD', 455, 0.5400, 'GF', 108, 'NDL', 17, 'IND', '2', 'AIR', NULL, '2009-01-10', 'usinsgb', '2009-01-10', NULL, '2', '0.8500', '0.5400'),
(157, 'GNB', 'etha100mgt', NULL, NULL, 'ATB', NULL, 2, NULL, 2, '500', '31.2900', '0.0000', '31.2900', '20.0256', '0.0626', '25939.4100', '0.0000', '0.0000', 414500.0000, 2, 'CIP', '2007-12-01', 'USD', 655.96, 0.0400, 'GF', 2, 'NDL', 1000, 'BFA', '1', 'AIR', NULL, '2009-01-14', 'usinsgb', '2009-01-14', NULL, '2', '0.0600', '0.0400'),
(160, 'GNB', 'etha100mgt', NULL, NULL, 'ATB', NULL, 2, NULL, 2, '1000', '4.8800', '0.0000', '4.8800', '3.1232', '0.0049', '873.5200', '0.0000', '0.0000', 179000.0000, 2, 'CIP', '2007-12-01', 'USD', 478, 0.0000, 'GF', 2, 'NDL', 1000, 'BFA', '1', 'AIR', NULL, '2009-01-14', 'usinsgb', '2009-01-14', NULL, '2', '0.0000', '0.0000'),
(46, 'GNB', 'idv400mgc', NULL, NULL, 'ARV', NULL, 3, NULL, 2, '130', '58.0000', '0.0000', '58.0000', '37.0000', '0.3000', '10368.0000', '0.0000', '0.0000', 34560.0000, 2, 'CIP', '2006-01-16', 'USD', 455, 0.1900, 'GF', 139, 'NDL', 28, 'NLD', '2', 'AIR', NULL, '2009-01-10', 'usinsgb', '2009-01-10', NULL, '2', '0.3000', '0.1900'),
(74, 'GNB', 'idv400mgc', NULL, NULL, 'ARV', NULL, 3, NULL, 2, '180', '55.1000', '0.0000', '55.0000', '35.0000', '0.3100', '9932.4000', '0.0000', '0.0000', 32040.0000, 2, 'CIP', '2007-10-11', 'USD', 455, 0.2000, 'GF', 139, 'NDL', 28, 'NLD', '2', 'AIR', NULL, '2009-01-11', 'usinsgb', '2009-01-11', NULL, '2', '0.3100', '0.2000'),
(30, 'GNB', 'idv400mgc', NULL, NULL, 'ARV', NULL, 5, NULL, 1, '0', '20120.0000', '0.0000', '20120.0000', '12877.0000', '0.5400', '20120.4000', '0.0000', '0.0000', 37260.0000, 2, 'CIB', '2006-01-02', 'USD', 455, 0.3500, 'OTHE', 124, 'BRA', 24, 'BRA', '3', 'AIR', NULL, '2009-01-10', 'usinsgb', '2009-01-10', NULL, '2', '0.5400', '0.3500'),
(166, 'GNB', 'isoeth150400mgt', NULL, NULL, 'ATB', NULL, 2, NULL, 1, '1000', '36.1700', '0.0000', '36.1700', '23.1488', '0.0362', '1229.7800', '0.0000', '0.0000', 34000.0000, 2, 'FOB', '2007-12-01', 'USD', 478, 0.0200, 'GF', 2, 'NDL', 1000, 'BFA', '1', 'AIR', NULL, '2009-01-14', 'usinsgb', '2009-01-14', NULL, '2', '0.0400', '0.0200'),
(155, 'GNB', 'ison300mgt', NULL, NULL, 'ATB', NULL, 2, NULL, 2, '1000', '12.5000', '0.0000', '19.5000', '12.5000', '0.0125', '1875.0000', '0.0000', '0.0000', 150000.0000, 2, 'FOB', '2007-03-15', 'EUR', 655.96, 0.0200, 'OTHE', 135, NULL, 1000, 'BFA', '1', 'AIR', NULL, '2009-01-14', 'usinsgb', '2009-01-14', NULL, '2', '0.0200', '0.0100'),
(81, 'GNB', 'levo30t', NULL, NULL, 'CON', NULL, 6, NULL, 2, '144', '3.4000', '0.0000', '5.0000', '3.0000', '0.0200', '16992.0000', '0.0000', '0.0000', 720000.0000, 2, 'CIP', '2006-10-21', 'EUR', 655.96, 0.0400, 'EU', 128, 'DNK', 37, 'DEU', '2', 'AIR', NULL, '2009-01-11', 'usinsgb', '2009-01-11', NULL, '2', '0.0300', '0.0200'),
(82, 'GNB', 'levoimp75mg', NULL, NULL, 'CON', NULL, 10, NULL, 2, '3', '17.5000', '0.0000', '27.0000', '18.0000', '17.5000', '8750.0000', '0.0000', '0.0000', 500.0000, 2, 'CIP', '2007-06-12', 'EUR', 655.96, 27.3000, 'EU', 128, 'DNK', 37, 'DEU', '3', 'AIR', NULL, '2009-01-11', 'usinsgb', '2009-01-11', NULL, '2', '27.3000', '17.5000'),
(61, 'GNB', 'lmv10mgo', NULL, NULL, 'ARV', NULL, 4, NULL, 1, '96', '96.0000', '0.0000', '96.0000', '61.0000', '0.0100', '230.4000', '0.0000', '0.0000', 23040.0000, 3, 'CIB', '2006-06-27', 'USD', 455, 0.0100, 'GF', 126, 'IND', 17, 'IND', '3', 'AIR', NULL, '2009-01-10', 'usinsgb', '2009-01-10', NULL, '2', '0.0100', '0.0100'),
(53, 'GNB', 'lmv10mgo', NULL, NULL, 'ARV', NULL, 4, NULL, 1, '100', '2.0000', '0.0000', '2.0000', '1.0000', '0.0200', '192.0000', '0.0000', '0.0000', 9600.0000, 3, 'CIP', '2006-06-27', 'USD', 455, 0.0100, 'GF', 125, 'IND', 19, 'IND', '2', 'AIR', NULL, '2009-01-10', 'usinsgb', '2009-01-10', NULL, '2', '0.0200', '0.0100'),
(26, 'GNB', 'lmv150mgt', NULL, NULL, 'ARV', NULL, 2, NULL, 2, '0', '1.9200', '0.0000', '2.0000', '1.0000', '0.3200', '7372.8000', '0.0000', '0.0000', 23040.0000, 2, 'CIB', '2006-01-02', 'USD', 450, 0.2000, 'OTHE', 124, 'BRA', 21, 'BRA', '3', 'AIR', NULL, '2009-01-10', 'usinsgb', '2009-01-10', NULL, '2', '0.3200', '0.2000'),
(50, 'GNB', 'lmv150mgt', NULL, NULL, 'ARV', NULL, 2, NULL, 2, '60', '14.0000', '0.0000', '14.0000', '9.0000', '0.1800', '864.0000', '0.0000', '0.0000', 4800.0000, 2, 'CIP', '2006-06-27', 'USD', 455, 0.1200, 'GF', 125, 'IND', 25, 'IND', '2', 'AIR', NULL, '2009-01-10', 'usinsgb', '2009-01-10', NULL, '2', '0.1800', '0.1200'),
(32, 'GNB', 'lmv150stv30nvp200mgt', NULL, NULL, 'ARV', NULL, 2, NULL, 1, '60', '2006.0000', '0.0000', '2006.0000', '1284.0000', '0.1900', '2006.4000', '0.0000', '0.0000', 10560.0000, 2, 'CIP', '2006-03-13', 'USD', 455, 0.1200, 'GF', 125, 'IND', 25, 'IND', '2', 'AIR', NULL, '2009-01-10', 'usinsgb', '2009-01-10', NULL, '2', '0.1900', '0.1200'),
(33, 'GNB', 'lmv150stv40nvp200mgt', NULL, NULL, 'ARV', NULL, 2, NULL, 2, '60', '2006.0000', '0.0000', '2006.0000', '1284.0000', '0.1900', '2006.4000', '0.0000', '0.0000', 10560.0000, 2, 'CIF', '2006-03-13', 'USD', 455, 0.1200, 'GF', 125, 'IND', 25, 'IND', '2', 'AIR', NULL, '2009-01-10', 'usinsgb', '2009-01-10', NULL, '2', '0.1900', '0.1200'),
(65, 'GNB', 'lmv50mgo', NULL, NULL, 'ARV', NULL, 5, NULL, 1, '100', '5.0000', '0.0000', '5.0000', '3.0000', '0.0500', '500.0000', '0.0000', '0.0000', 10000.0000, 3, 'CIP', '2007-08-07', 'USD', 455, 0.0300, 'GF', 127, 'IND', 19, 'IND', '3', 'AIR', NULL, '2009-01-10', 'usinsgb', '2009-01-10', NULL, '2', '0.0500', '0.0300'),
(48, 'GNB', 'lpv133rit33mgc', NULL, NULL, 'ARV', NULL, 3, NULL, 2, '180', '12.0000', '0.0000', '12.0000', '8.0000', '0.3000', '2160.0000', '0.0000', '0.0000', 7200.0000, 2, 'CIP', '2006-03-13', 'USD', 455, 0.1900, 'GF', 137, 'USA', 34, 'USA', '2', 'AIR', NULL, '2009-01-10', 'usinsgb', '2009-01-10', NULL, '2', '0.3000', '0.1900'),
(78, 'GNB', 'lpv200rit50mgc', NULL, NULL, 'ARV', NULL, 3, NULL, 2, '120', '16.0000', '0.0000', '16.0000', '10.0000', '0.4000', '1920.0000', '0.0000', '0.0000', 4800.0000, 2, 'CIP', '2007-10-11', 'USD', 455, 0.2600, 'GF', 137, 'USA', 34, 'USA', '2', 'AIR', NULL, '2009-01-11', 'usinsgb', '2009-01-11', NULL, '2', '0.4000', '0.2600'),
(80, 'GNB', 'medracet150v', NULL, NULL, 'CON', NULL, 5, NULL, 1, '25', '175.0000', '0.0000', '175.0000', '112.0000', '7.0000', '140000.0000', '0.0000', '0.0000', 20000.0000, 3, 'CIP', '2007-07-17', 'USD', 481.51, 4.4800, 'EU', 128, 'DNK', 36, 'BEL', '3', 'AIR', NULL, '2009-01-11', 'usinsgb', '2009-01-11', NULL, '2', '7.0000', '4.4800'),
(57, 'GNB', 'nevi10mgo', NULL, NULL, 'ARV', NULL, 4, NULL, 1, '240', '4.0000', '0.0000', '4.0000', '3.0000', '0.0300', '964.8000', '0.0000', '0.0000', 32160.0000, 3, 'CIP', '2006-06-27', 'USD', 455, 0.0200, 'GF', 125, 'IND', 17, 'IND', '2', 'AIR', NULL, '2009-01-10', 'usinsgb', '2009-01-10', NULL, '2', '0.0300', '0.0200'),
(67, 'GNB', 'nevi10mgo', NULL, NULL, 'ARV', NULL, 4, NULL, 1, '240', '4.0000', '0.0000', '4.0000', '3.0000', '0.0400', '960.0000', '0.0000', '0.0000', 24000.0000, 3, 'CIP', '2007-01-23', 'USD', 455, 0.0300, 'GF', 127, 'IND', 19, 'IND', '2', 'AIR', NULL, '2009-01-10', 'usinsgb', '2009-01-10', NULL, '2', '0.0400', '0.0300'),
(27, 'GNB', 'nevi200mg', NULL, NULL, 'ARV', NULL, 2, NULL, 1, '0', '37452.0000', '0.0000', '37452.0000', '23969.0000', '0.3800', '44551.2000', '0.0000', '0.0000', 117240.0000, 1, 'CIB', '2006-01-02', 'USD', 455, 0.2400, 'OTHE', 124, 'BRA', 22, 'BRA', '3', 'AIR', NULL, '2009-01-10', 'usinsgb', '2009-01-10', NULL, '2', '0.3800', '0.2400'),
(63, 'GNB', 'nevi200mg', NULL, NULL, 'ARV', NULL, 2, NULL, 2, '60', '0.4000', '0.0000', '0.0000', '0.0000', '0.0600', '1836.0000', '0.0000', '0.0000', 30600.0000, 2, 'CIP', '2006-08-07', 'USD', 455, 0.0400, 'GF', 126, 'IND', 17, 'IND', '3', 'AIR', NULL, '2009-01-10', 'usinsgb', '2009-01-10', NULL, '2', '0.0600', '0.0400'),
(39, 'GNB', 'nevi200mg', NULL, NULL, 'ARV', NULL, 2, NULL, 2, '60', '45.0000', '0.0000', '45.0000', '29.0000', '0.0800', '2726.4000', '0.0000', '0.0000', 34080.0000, 2, 'CIP', '2006-03-13', 'USD', 455, 0.0500, 'GF', 125, 'IND', 19, 'IND', '2', 'AIR', NULL, '2009-01-10', 'usinsgb', '2009-01-10', NULL, '2', '0.0800', '0.0500'),
(69, 'GNB', 'nevi200mg', NULL, NULL, 'ARV', NULL, 2, NULL, 2, '60', '93.4000', '0.0000', '93.0000', '60.0000', '0.1000', '5604.0000', '0.0000', '0.0000', 56040.0000, 2, 'CIP', '2007-08-23', 'USD', 455, 0.0600, 'GF', 127, 'IND', 19, 'IND', '2', 'AIR', NULL, '2009-01-10', 'usinsgb', '2009-01-10', NULL, '2', '0.1000', '0.0600'),
(77, 'GNB', 'nevi200mg', NULL, NULL, 'ARV', NULL, 2, NULL, 2, '60', '126.3000', '0.0000', '126.0000', '81.0000', '0.0600', '7578.0000', '0.0000', '0.0000', 126300.0000, 2, 'CIP', '2007-10-11', 'USD', 450, 0.0400, 'GF', 125, 'IND', 19, 'IND', '2', 'AIR', NULL, '2009-01-11', 'usinsgb', '2009-01-11', NULL, '2', '0.0600', '0.0400'),
(56, 'GNB', 'nevi200mg', NULL, NULL, 'ARV', NULL, 2, NULL, 2, '200', '8.0000', '0.0000', '8.0000', '5.0000', '0.0800', '1689.6000', '0.0000', '0.0000', 21120.0000, 2, 'CIP', '2006-06-27', 'USD', 455, 0.0500, 'GF', 125, 'IND', 19, 'IND', '2', 'AIR', NULL, '2009-01-10', 'usinsgb', '2009-01-10', NULL, '2', '0.0800', '0.0500'),
(38, 'GNB', 'nfv250mgt', NULL, NULL, 'ARV', NULL, 2, NULL, 2, '270', '386.0000', '0.0000', '386.0000', '247.0000', '0.2900', '9396.0000', '0.0000', '0.0000', 32400.0000, 2, 'CIP', '2006-03-13', 'USD', 455, 0.1900, 'GF', 125, 'IND', 26, 'SWZ', '2', 'AIR', NULL, '2009-01-10', 'usinsgb', '2009-01-10', NULL, '2', '0.2900', '0.1900'),
(55, 'GNB', 'nfv50mgp', NULL, NULL, 'ARV', NULL, 4, NULL, 1, '144', '61.0000', '0.0000', '95.0000', '61.0000', '0.2600', '8798.4000', '0.0000', '0.0000', 33840.0000, 3, 'CIP', '2006-06-27', 'EUR', 455, 0.4100, 'GF', 130, 'SWZ', 31, 'SWZ', '2', 'AIR', NULL, '2009-01-10', 'usinsgb', '2009-01-10', NULL, '2', '0.4100', '0.2600'),
(88, 'GNB', 'pyr25sulf500', NULL, NULL, 'APA', NULL, 2, NULL, 2, '300', '7.6500', '0.0000', '12.0000', '8.0000', '0.0300', '2932.5000', '0.0000', '0.0000', 117300.0000, 1, 'FOB', '2007-04-23', 'EUR', 655.96, 0.0400, 'GF', 129, 'DNK', 17, 'IND', '3', 'SEA', NULL, '2009-01-11', 'usinsgb', '2009-01-11', NULL, '2', '0.0500', '0.0300'),
(94, 'GNB', 'quin150mgo', NULL, NULL, 'APA', NULL, 5, NULL, 1, '10', '56837.0000', '0.0000', '56837.0000', '36376.0000', '0.1500', '56445.0000', '0.0000', '0.0000', 376300.0000, 3, 'CIP', '2006-10-03', 'USD', 455, 0.1000, 'GF', 108, 'NDL', 998, 'USA', '3', 'SEA', NULL, '2009-01-12', 'usinsgb', '2005-10-10', NULL, '2', '0.1500', '0.1000'),
(22, 'GNB', 'quin300mg2ml', NULL, NULL, 'APA', NULL, 5, NULL, 2, '0', '1.5000', '0.0000', '2.0000', '1.0000', '0.1500', '72.0000', '0.0000', '0.0000', 480.0000, 2, 'CIP', '2005-10-03', 'USD', 655.97, 0.1000, 'CST', 2, 'NDL', 15, 'ZAF', '1', 'AIR', NULL, '2008-12-24', 'usinsgb', '2008-12-24', NULL, '2', '0.1500', '0.1000'),
(89, 'GNB', 'quin300mgt', NULL, NULL, 'APA', NULL, 2, NULL, 2, '1000', '27.1500', '0.0000', '42.0000', '27.0000', '0.0300', '1350.0000', '0.0000', '0.0000', 50000.0000, 1, 'FOB', '2007-04-23', 'EUR', 655.96, 0.0400, 'OTHE', 108, 'NDL', 1000, 'BFA', '1', 'AIR', NULL, '2009-01-11', 'usinsgb', '2009-01-11', NULL, '2', '0.0500', '0.0300'),
(84, 'GNB', 'rabi', NULL, NULL, 'VAC', NULL, 4, NULL, 2, '5', '87.5500', '0.0000', '137.0000', '88.0000', '17.5100', '4377.5000', '0.0000', '0.0000', 250.0000, 3, 'CIP', '2007-01-23', 'EUR', 655.96, 27.3200, 'OTHE', 2, 'NDL', 20, 'FRA', '2', 'AIR', NULL, '2009-01-11', 'usinsgb', '2009-01-11', NULL, '2', '27.3200', '17.5100'),
(159, 'GNB', 'rifaison15075mgt', NULL, NULL, 'ATB', NULL, 2, NULL, 2, '1000', '27.5900', '0.0000', '27.5900', '17.6576', '0.0258', '18543.0100', '0.0000', '0.0000', 719000.0000, 2, 'CIP', '2007-12-01', 'USD', 478, 0.0200, 'GF', 2, 'NDL', 1000, 'BFA', '1', 'AIR', NULL, '2009-01-14', 'usinsgb', '2009-01-14', NULL, '2', '0.0300', '0.0200'),
(47, 'GNB', 'rito100mgc', NULL, NULL, 'ARV', NULL, 3, NULL, 2, '336', '90.0000', '0.0000', '90.0000', '58.0000', '0.1800', '9676.8000', '0.0000', '0.0000', 53760.0000, 1, 'CIP', '2006-03-13', 'USD', 455, 0.1200, 'GF', 137, 'USA', 34, 'USA', '2', 'AIR', NULL, '2009-01-10', 'usinsgb', '2009-01-10', NULL, '2', '0.1800', '0.1200'),
(45, 'GNB', 'sqv200mgc', NULL, NULL, 'ARV', NULL, 3, NULL, 2, '270', '22.0000', '0.0000', '22.0000', '14.0000', '0.3000', '5832.0000', '0.0000', '0.0000', 19440.0000, 2, 'CIP', '2009-01-13', 'USD', 455, 0.1900, 'GF', 130, 'SWZ', 31, 'SWZ', '2', 'AIR', NULL, '2009-01-10', 'usinsgb', '2009-01-10', NULL, '2', '0.3000', '0.1900'),
(62, 'GNB', 'stv1mlp', NULL, NULL, 'ARV', NULL, 4, NULL, 1, '20', '2.0000', '0.0000', '2.0000', '1.0000', '0.0100', '40.0000', '0.0000', '0.0000', 4000.0000, 3, 'CIP', '2007-08-07', 'USD', 455, 0.0100, 'GF', 126, 'IND', 17, 'IND', '3', 'AIR', NULL, '2009-01-10', 'usinsgb', '2009-01-10', NULL, '2', '0.0100', '0.0100'),
(54, 'GNB', 'stv1mlp', NULL, NULL, 'ARV', NULL, 4, NULL, 2, '20', '2.0000', '0.0000', '2.0000', '1.0000', '0.0100', '40.0000', '0.0000', '0.0000', 4000.0000, 3, 'CIP', '2007-08-07', 'USD', 455, 0.0100, 'GF', 126, 'IND', 17, 'IND', '3', 'AIR', NULL, '2009-01-10', 'usinsgb', '2009-01-10', NULL, '2', '0.0100', '0.0100'),
(64, 'GNB', 'stv30lmv150', NULL, NULL, 'ARV', NULL, 2, NULL, 2, '60', '13.5000', '0.0000', '14.0000', '9.0000', '0.0900', '810.0000', '0.0000', '0.0000', 9000.0000, 2, 'CIP', '2006-08-07', 'USD', 455, 0.0600, 'GF', 126, 'IND', 11, 'IND', '3', 'AIR', NULL, '2009-01-10', 'usinsgb', '2009-01-10', NULL, '2', '0.0900', '0.0600'),
(71, 'GNB', 'stv30lmv150', NULL, NULL, 'ARV', NULL, 2, NULL, 2, '60', '18.4000', '0.0000', '18.0000', '12.0000', '0.1000', '1104.0000', '0.0000', '0.0000', 11040.0000, 2, 'CIP', '2007-08-23', 'USD', 455, 0.0600, 'GF', 127, 'IND', 19, 'IND', '2', 'AIR', NULL, '2009-01-10', 'usinsgb', '2009-01-10', NULL, '2', '0.1000', '0.0600'),
(35, 'GNB', 'stv30lmv150', NULL, NULL, 'ARV', NULL, 2, NULL, 2, '60', '3120.0000', '0.0000', '3120.0000', '1997.0000', '0.1300', '3120.0000', '0.0000', '0.0000', 24000.0000, 2, 'CIP', '2006-03-13', 'USD', 455, 0.0800, 'GF', 125, 'IND', 11, 'IND', '2', 'AIR', NULL, '2009-01-10', 'usinsgb', '2009-01-10', NULL, '2', '0.1300', '0.0800'),
(75, 'GNB', 'stv30lmv150', NULL, NULL, 'ARV', NULL, 2, NULL, 2, '180', '14.8000', '0.0000', '15.0000', '9.0000', '0.0800', '2664.0000', '0.0000', '0.0000', 33300.0000, 2, 'CIP', '2007-10-11', 'USD', 450, 0.0500, 'GF', 125, 'IND', 11, 'IND', '2', 'AIR', NULL, '2009-01-11', 'usinsgb', '2009-01-11', NULL, '2', '0.0800', '0.0500'),
(28, 'GNB', 'stv30mgc', NULL, NULL, 'ARV', NULL, 5, NULL, 2, '0', '3767.0000', '0.0000', '5877.0000', '3767.0000', '0.1300', '3767.4000', '0.0000', '0.0000', 28980.0000, 2, 'CIB', '2006-01-02', 'EUR', 655.97, 0.2000, 'OTHE', 124, 'BRA', 22, 'BRA', '3', 'AIR', NULL, '2009-01-10', 'usinsgb', '2009-01-10', NULL, '2', '0.2000', '0.1300'),
(36, 'GNB', 'stv40lmv150', NULL, NULL, 'ARV', NULL, 2, NULL, 2, '60', '3120.0000', '0.0000', '3120.0000', '1997.0000', '0.1300', '3120.0000', '0.0000', '0.0000', 24000.0000, 2, 'CIP', '2006-03-13', 'USD', 455, 0.0800, 'GF', 125, 'IND', 11, 'IND', '2', 'AIR', NULL, '2009-01-10', 'usinsgb', '2009-01-10', NULL, '2', '0.1300', '0.0800'),
(95, 'GNB', 'sul500pyr25', NULL, NULL, 'APA', NULL, 2, NULL, 2, '100', '747.8000', '0.0000', '748.0000', '479.0000', '0.0200', '744.0000', '0.0000', '0.0000', 37200.0000, 2, 'CIP', '2006-10-03', 'USD', 480, 0.0100, 'GF', 121, 'DNK', 27, 'GBR', '3', 'AIR', NULL, '2009-01-12', 'usinsgb', '2009-01-12', NULL, '2', '0.0200', '0.0100'),
(96, 'GNB', 'sul500pyr25', NULL, NULL, 'APA', NULL, 2, NULL, 2, '300', '2991.1000', '0.0000', '2991.0000', '1914.0000', '0.0300', '3519.0000', '0.0000', '0.0000', 117300.0000, 2, 'CIP', '2007-01-18', 'USD', 478, 0.0200, 'GF', 998, 'DNK', 27, 'GBR', '3', 'AIR', NULL, '2009-01-12', 'usinsgb', '2009-01-12', NULL, '2', '0.0300', '0.0200'),
(43, 'GNB', 'ten300mg ', NULL, NULL, 'ARV', NULL, 2, NULL, 2, '30', '47.0000', '0.0000', '47.0000', '30.0000', '0.7300', '1401.6000', '0.0000', '0.0000', 1920.0000, 2, 'CIP', '2006-03-13', 'USD', 455, 0.4700, 'GF', 137, 'USA', 29, 'USA', '2', 'AIR', NULL, '2009-01-10', 'usinsgb', '2009-01-10', NULL, '2', '0.7300', '0.4700'),
(60, 'GNB', 'zdv10mgvial', NULL, NULL, 'ARV', NULL, 4, NULL, 1, '90', '2.0000', '0.0000', '2.0000', '1.0000', '0.0100', '216.0000', '0.0000', '0.0000', 21600.0000, 3, 'CIP', '2006-06-27', 'USD', 455, 0.0100, 'GF', 126, 'IND', 17, 'IND', '3', 'AIR', NULL, '2009-01-10', 'usinsgb', '2009-01-10', NULL, '2', '0.0100', '0.0100'),
(52, 'GNB', 'zdv10mgvial', NULL, NULL, 'ARV', NULL, 4, NULL, 1, '100', '2.0000', '0.0000', '2.0000', '1.0000', '0.0100', '224.0000', '0.0000', '0.0000', 22400.0000, 3, 'CIP', '2006-06-27', 'USD', 455, 0.0100, 'GF', 125, 'IND', 19, 'IND', '2', 'AIR', NULL, '2009-01-10', 'usinsgb', '2009-01-10', NULL, '2', '0.0100', '0.0100'),
(66, 'GNB', 'zdv10mgvial', NULL, NULL, 'ARV', NULL, 4, NULL, 1, '100', '5.0000', '0.0000', '5.0000', '3.0000', '0.0500', '500.0000', '0.0000', '0.0000', 10000.0000, 3, 'CIP', '2007-08-23', 'USD', 455, 0.0300, 'GF', 127, 'IND', 19, 'IND', '3', 'AIR', NULL, '2009-01-10', 'usinsgb', '2009-01-10', NULL, '2', '0.0500', '0.0300'),
(29, 'GNB', 'zdv300lmv150', NULL, NULL, 'ARV', NULL, 2, NULL, 1, '0', '19706.0000', '0.0000', '19706.0000', '12612.0000', '0.6300', '101241.0000', '0.0000', '0.0000', 160700.0000, 2, 'CIB', '2006-01-02', 'USD', 455, 0.4000, 'OTHE', 124, 'BRA', 23, 'BRA', '3', 'AIR', NULL, '2009-01-10', 'usinsgb', '2009-01-10', NULL, '2', '0.6300', '0.4000'),
(51, 'GNB', 'zdv300lmv150', NULL, NULL, 'ARV', NULL, 2, NULL, 2, '60', '55.0000', '0.0000', '55.0000', '35.0000', '0.2300', '3312.0000', '0.0000', '0.0000', 14400.0000, 2, 'CIP', '2006-06-27', 'USD', 455, 0.1500, 'GF', 125, 'IND', 19, 'IND', '2', 'AIR', NULL, '2009-01-10', 'usinsgb', '2009-01-10', NULL, '2', '0.2300', '0.1500'),
(70, 'GNB', 'zdv300lmv150', NULL, NULL, 'ARV', NULL, 2, NULL, 2, '60', '231.2000', '0.0000', '231.0000', '148.0000', '0.1900', '13873.8000', '0.0000', '0.0000', 73020.0000, 2, 'CIP', '2007-08-23', 'USD', 455, 0.1200, 'GF', 127, 'IND', 19, 'IND', '2', 'AIR', NULL, '2009-01-10', 'usinsgb', '2009-01-10', NULL, '2', '0.1900', '0.1200'),
(49, 'GNB', 'zdv300lmv150', NULL, NULL, 'ARV', NULL, 2, NULL, 2, '60', '359.0000', '0.0000', '359.0000', '230.0000', '0.2600', '10779.6000', '0.0000', '0.0000', 41460.0000, 2, 'CIP', '2006-04-25', 'USD', 455, 0.1700, 'GF', 126, 'IND', 19, 'IND', '3', 'AIR', NULL, '2009-01-10', 'usinsgb', '2009-01-10', NULL, '2', '0.2600', '0.1700'),
(76, 'GNB', 'zdv300lmv150', NULL, NULL, 'ARV', NULL, 2, NULL, 2, '60', '371.4000', '0.0000', '371.0000', '238.0000', '0.1900', '22287.0000', '0.0000', '0.0000', 117300.0000, 2, 'CIP', '2007-10-11', 'USD', 455, 0.1200, 'GF', 127, 'IND', 19, 'IND', '2', 'AIR', NULL, '2009-01-11', 'usinsgb', '2009-01-11', NULL, '2', '0.1900', '0.1200'),
(37, 'GNB', 'zdv300lmv150', NULL, NULL, 'ARV', NULL, 2, NULL, 2, '60', '23957.0000', '0.0000', '23957.0000', '15332.0000', '0.2300', '23956.8000', '0.0000', '0.0000', 104160.0000, 2, 'CIP', '2006-03-13', 'USD', 455, 0.1500, 'GF', 125, 'IND', 19, 'IND', '2', 'AIR', NULL, '2009-01-10', 'usinsgb', '2009-01-10', NULL, '2', '0.2300', '0.1500'),
(185, 'NGA', 'lmv10mgo', NULL, NULL, 'ARV', NULL, 4, NULL, 1, '100', '1.8500', '0.0000', '1.8500', '1.1840', '1.8500', '434750.0000', '0.0000', '0.0000', 235000.0000, 3, 'CIF', '2006-11-14', 'USD', 132.3, 1.1800, 'GF', 122, 'NGA', 18, 'IND', '2', 'AIR', '56', '2009-01-20', 'usinsnig', '2009-01-20', 'THIS PRODUCT IS IN SYRUP FORM AND PRESENTED 50MG/5ML IN 100M', '2', '1.8500', '1.1800'),
(181, 'NGA', 'lmv150mgt', NULL, NULL, 'ARV', NULL, 2, NULL, 2, '60', '3.9500', '0.0000', '3.9500', '2.5280', '3.9500', '170640.0000', '0.0000', '0.0000', 43200.0000, 1, 'CIF', '2006-11-14', 'USD', 132.3, 2.5300, 'GF', 100, 'IND', 17, 'IND', '2', 'AIR', '56', '2009-01-20', 'usinsnig', '2009-01-20', 'CROWN AGENTS PROCURED FOR THE NATIONAL HIV/AIDS USING ICB ', '2', '3.9500', '2.5300'),
(177, 'NGA', 'lmv150stv40nvp200mgt', NULL, NULL, 'ARV', NULL, 4, NULL, 2, '60', '9.7100', '0.0000', '9.7100', '6.2144', '9.7100', '999999.9999', '0.0000', '0.0000', 181440.0000, 1, 'CIF', '2006-11-14', 'USD', 132.3, 6.2100, 'GF', 16, 'IND', 16, 'IND', '2', 'AIR', '56', '2009-01-20', 'usinsnig', '2009-01-20', 'CROWN AGENT DID THE PROCUREMENT THROUGH ICB', '2', '9.7100', '6.2100'),
(186, 'NGA', 'nevi10mgo', NULL, NULL, 'ARV', NULL, 5, NULL, 1, '100', '2.1500', '0.0000', '2.1500', '1.3760', '2.1500', '505250.0000', '0.0000', '0.0000', 235000.0000, 3, 'CIF', '2006-11-14', 'USD', 132.3, 1.3800, 'GF', 122, 'NGA', 18, 'IND', '2', 'AIR', '56', '2009-01-20', 'usinsnig', '2009-01-20', 'NOTE VIA REFERS TO INJECTION DOSAGE FORM. THIS PRODUCT IS IN', '2', '2.1500', '1.3800'),
(182, 'NGA', 'nevi200mg', NULL, NULL, 'ARV', NULL, 2, NULL, 2, '60', '5.0000', '0.0000', '5.0000', '3.2000', '5.0000', '565200.0000', '0.0000', '0.0000', 113040.0000, 1, 'CIB', '2006-11-14', 'USD', 132.3, 3.2000, 'GF', 101, 'IND', 16, 'IND', '2', 'AIR', '56', '2009-01-20', 'usinsnig', '2009-01-20', 'NOTE UNIT PRICE REFERS TO THE COST PER PACK OF THE PRODUCT A', '2', '5.0000', '3.2000'),
(176, 'NGA', 'stv30lmv150nev200', NULL, NULL, 'ARV', NULL, 2, NULL, 2, '60', '14.3900', '0.0000', '14.3900', '9.2096', '14.3900', '999999.9999', '0.0000', '0.0000', 120960.0000, 1, 'CIF', '2006-11-14', 'USD', 132.3, 9.2100, 'GF', 122, 'NGA', 19, 'IND', '2', 'AIR', '56', '2009-01-20', 'usinsnig', '2009-01-20', 'Crown Agents is the organization that procured this product ', '2', '14.3900', '9.2100'),
(178, 'NGA', 'stv30mgc', NULL, NULL, 'ARV', NULL, 3, NULL, 2, '60', '2.5700', '0.0000', '2.5700', '1.6448', '2.5700', '44409.6000', '0.0000', '0.0000', 17280.0000, 1, 'CIF', '2006-11-14', 'USD', 132.3, 1.6400, 'GF', 122, 'NGA', 19, 'IND', '2', 'AIR', '56', '2009-01-20', 'usinsnig', '2009-01-20', 'CROWN AGENT PROCURED UNBEHALF OF NATIONAL HIV/AIDS PROGRAMME', '2', '2.5700', '1.6400'),
(179, 'NGA', 'stv40mgc', NULL, NULL, 'ARV', NULL, 3, NULL, 2, '60', '2.7900', '0.0000', '2.7900', '1.7856', '2.7900', '72316.8000', '0.0000', '0.0000', 25920.0000, 1, 'CIF', '2006-11-14', 'USD', 232.3, 1.7900, 'GF', 106, 'NGA', 12, 'IND', '2', 'AIR', '56', '2009-01-20', 'usinsnig', '2009-01-20', 'CROWN AGENT PROCURED THROUGH ICB', '2', '2.7900', '1.7900'),
(187, 'NGA', 'zdv300lmv150', NULL, NULL, 'ARV', NULL, 2, NULL, 2, '60', '15.9800', '0.0000', '15.9800', '10.2272', '15.9800', '999999.9999', '0.0000', '0.0000', 96480.0000, 1, 'CIF', '2006-11-14', 'USD', 132.3, 10.2300, 'GF', 122, 'NGA', 18, 'IND', '2', 'AIR', '56', '2009-01-20', 'usinsnig', '2009-01-20', NULL, '2', '15.9800', '10.2300'),
(180, 'NGA', 'zdv300lmv150', NULL, NULL, 'ARV', NULL, 2, NULL, 2, '60', '15.9800', '0.0000', '15.9800', '10.2272', '15.9800', '999999.9999', '0.0000', '0.0000', 96480.0000, 1, 'CIF', '2006-11-14', 'USD', 132.3, 10.2300, 'GF', 122, 'NGA', 25, 'IND', '2', 'AIR', '56', '2009-01-20', 'usinsnig', '2009-01-20', 'crownagents procured on behalf of THE NATIONAL HIV/AIDS PROG', '2', '15.9800', '10.2300'),
(184, 'NGA', 'zdv50mgo', NULL, NULL, 'ARV', NULL, 4, NULL, 1, '100', '1.8500', '0.0000', '1.8500', '1.1840', '1.8500', '434750.0000', '0.0000', '0.0000', 235000.0000, 3, 'CIF', '2006-11-14', 'USD', 132.3, 1.1800, 'GF', 122, 'NGA', 18, 'IND', '2', 'AIR', '56', '2009-01-20', 'usinsnig', '2009-01-20', 'NOTE THIS PRODUCT IS PRESENTED IN SYRUP WHICH IS NOT IN THE ', '2', '1.8500', '1.1800'),
(192, 'SEN', 'amo153mgt', NULL, NULL, 'APA', NULL, 2, NULL, 2, '500', '2.4500', '0.0000', '3.8220', '2.4500', '0.0049', '110250.0000', '0.0000', '0.0000', 999999.9999, 1, 'DDU', '2005-10-29', 'EUR', 655.96, 0.0100, 'CST', 19, 'IND', 999, 'BFA', '4', 'LAN', NULL, '2009-01-23', 'usinsen1', '2009-01-23', NULL, '2', '0.0100', '0.0000'),
(195, 'SEN', 'amo153mgt', NULL, NULL, 'APA', NULL, 2, NULL, 2, '500', '3.3000', '0.0000', '5.1480', '3.3000', '0.0066', '49500.0000', '0.0000', '0.0000', 999999.9999, 1, 'DDU', '2005-10-29', 'EUR', 655.96, 0.0100, 'CST', 4, 'BEL', 999, 'BFA', '4', 'SEA', NULL, '2009-01-23', 'usinsen1', '2009-01-23', NULL, '2', '0.0100', '0.0100'),
(193, 'SEN', 'amo153mgt', NULL, NULL, 'APA', NULL, 5, NULL, 2, '500', '3.3000', '0.0000', '3.3000', '2.1120', '0.0066', '49500.0000', '0.0000', '0.0000', 999999.9999, 1, 'CIB', '2005-10-29', 'USD', 655.96, 0.0000, 'CST', 4, 'BEL', 999, 'BFA', '4', 'SEA', NULL, '2009-01-23', 'usinsen1', '2009-01-23', NULL, '2', '0.0100', '0.0000'),
(194, 'SEN', 'amo200mgt', NULL, NULL, 'APA', NULL, 2, NULL, 2, '1000', '4.9000', '0.0000', '3.8220', '2.4500', '0.0049', '110250.0000', '0.0000', '0.0000', 22500000.0000, 1, 'DDU', '2005-10-29', 'EUR', 655.96, 0.0100, 'CST', 19, 'IND', 999, 'BFA', '4', 'SEA', NULL, '2009-01-23', 'usinsen1', '2009-01-23', NULL, '2', '0.0100', '0.0000'),
(196, 'SEN', 'amo200mgt', NULL, NULL, 'APA', NULL, 2, NULL, 2, '1000', '6.6000', '0.0000', '5.1480', '3.3000', '0.0066', '49500.0000', '0.0000', '0.0000', 7500000.0000, 1, 'DDU', '2005-10-29', 'EUR', 655.96, 0.0100, 'CST', 4, 'BEL', 999, 'BFA', '4', 'SEA', NULL, '2009-01-23', 'usinsen1', '2009-01-23', NULL, '2', '0.0100', '0.0100'),
(164, 'SEN', 'bcg', NULL, NULL, 'VAC', NULL, 4, NULL, 2, '20', '1.8000', '0.0000', '0.9000', '0.5760', '0.0900', NULL, '0.0000', '0.0000', 0.0000, 3, 'DDU', '2005-01-01', 'USD', 655.96, 0.0600, 'FG', 121, 'DNK', 999, 'BFA', '3', 'AIR', NULL, '2009-01-14', 'usinsen', '2009-01-14', NULL, '2', '0.0900', '0.0600'),
(2007, 'SEN', 'cond', NULL, NULL, 'CON', NULL, 4, NULL, 1, '10', '10.0000', '10.0000', '15.6000', '10.0000', '1.0000', '10.0000', '15.6000', '10.0000', 10.0000, 1, 'CIB', '2019-12-02', 'EUR', 655.96, 1.0000, 'ADB', 15, 'ZAF', 15, 'ZAF', '2', 'AIR', NULL, '2019-12-01', 'usinsen', '2019-12-01', 'Test Belgiqye', '2', '1.5600', '1.0000'),
(172, 'SEN', 'cond', NULL, NULL, 'CON', NULL, 6, NULL, 2, '100', '0.0000', '0.0000', '0.0000', NULL, '0.0467', NULL, '0.0000', '0.0000', 0.0000, 2, 'CIF', '2005-10-29', 'USD', 500, 0.0300, 'USAI', 15, 'ZAF', 34, 'USA', '5', 'SEA', NULL, '2009-01-14', 'usinsen', '2009-01-14', NULL, '2', '0.0500', '0.0300'),
(173, 'SEN', 'coppt380', NULL, NULL, 'CON', NULL, 6, NULL, 2, '25', '38.3200', '0.0000', '38.3200', '24.5248', '1.5528', '15528.0000', '0.0000', '0.0000', 10000.0000, 2, 'CIF', '2005-01-01', 'USD', 500, 0.9900, 'USAI', 924, 'USA', 1000, 'BFA', '2', 'AIR', NULL, '2009-01-14', 'usinsen', '2009-01-14', NULL, '2', '1.5500', '0.9900'),
(122, 'SEN', 'ddl100mgt', NULL, NULL, 'ARV', NULL, 2, NULL, 2, '60', '6.0000', '0.0000', '9.3600', '6.0000', '0.1000', '600000.0000', '0.0000', '0.0000', 6000000.0000, 1, 'DDU', '2005-10-29', 'EUR', 655.97, 0.1600, 'CST', 13, 'IND', 13, 'IND', '4', 'AIR', NULL, '2009-01-13', 'usinsen', '2009-01-13', NULL, '2', '0.1600', '0.1000'),
(123, 'SEN', 'ddl200mgt', NULL, NULL, 'ARV', NULL, 2, NULL, 2, '60', '14.4000', '0.0000', '22.4640', '14.4000', '0.2400', '168000.0000', '0.0000', '0.0000', 700000.0000, 1, 'DDU', '2005-10-29', 'EUR', 655.97, 0.3700, 'CST', 11, 'IND', 11, 'IND', '4', 'AIR', NULL, '2009-01-13', 'usinsen', '2009-01-13', NULL, '2', '0.3700', '0.2400'),
(124, 'SEN', 'ddl25mgt', NULL, NULL, 'ARV', NULL, 2, NULL, 2, '60', '5.4000', '0.0000', '8.4240', '5.4000', '0.0900', '7200.0000', '0.0000', '0.0000', 80000.0000, 1, 'DDU', '2005-10-29', 'EUR', 655.97, 0.1400, 'CST', 14, 'FRA', 14, 'FRA', '4', 'AIR', NULL, '2009-01-13', 'usinsen', '2009-01-13', NULL, '2', '0.1400', '0.0900'),
(125, 'SEN', 'ddl2g', NULL, NULL, 'ARV', NULL, 4, NULL, 1, '1', '10.3900', '0.0000', '16.2084', '10.3900', '10.3900', '1039.0000', '0.0000', '0.0000', 100.0000, 3, 'DDU', '2005-10-29', 'EUR', 655.97, 16.2100, 'CST', 14, 'FRA', 14, 'FRA', '4', 'AIR', NULL, '2009-01-13', 'usinsen', '2009-01-13', NULL, '2', '16.2100', '10.3900'),
(121, 'SEN', 'ddl400mgc', NULL, NULL, 'ARV', NULL, 2, NULL, 1, '60', '38.9940', '0.0000', '60.8400', '39.0000', '0.6499', '454930.0000', '0.0000', '0.0000', 700000.0000, 1, 'DDU', '2005-10-29', 'EUR', 655.97, 1.0100, 'CST', 14, 'FRA', 14, 'FRA', '4', 'AIR', NULL, '2009-01-13', 'usinsen', '2009-01-13', NULL, '2', '0.6500', '0.4200'),
(109, 'SEN', 'efz200mgt', NULL, NULL, 'ARV', NULL, 3, NULL, 2, '60', '6.5340', '0.0000', '10.2960', '6.6000', '0.1089', '43560.0000', '0.0000', '0.0000', 400000.0000, 1, 'DDU', '2005-10-29', 'EUR', 655.97, 0.1700, 'CST', 13, 'IND', 13, 'IND', '4', 'AIR', NULL, '2009-01-13', 'usinsen', '2009-01-13', NULL, '2', '0.1100', '0.0700'),
(110, 'SEN', 'efz600mgt', NULL, NULL, 'ARV', NULL, 3, NULL, 2, '30', '16.4790', '0.0000', '51.4800', '33.0000', '0.5493', '823950.0000', '0.0000', '0.0000', 1500000.0000, 1, 'DDU', '2005-10-29', 'EUR', 655.97, 0.8600, 'CST', 13, 'IND', 13, 'IND', '4', 'AIR', NULL, '2009-01-13', 'usinsen', '2009-01-13', NULL, '2', '0.5500', '0.3500'),
(111, 'SEN', 'efz600mgt', NULL, NULL, 'ARV', NULL, 3, NULL, 2, '30', '19.5960', '0.0000', '60.8400', '39.0000', '0.6532', '326600.0000', '0.0000', '0.0000', 500000.0000, 1, 'DDU', '2005-01-29', 'EUR', 655.97, 1.0100, 'CST', 11, 'IND', 11, 'IND', '4', 'AIR', NULL, '2009-01-13', 'usinsen', '2009-01-13', NULL, '2', '0.6500', '0.4200'),
(150, 'SEN', 'etha400mgt', NULL, NULL, 'ATB', NULL, 2, NULL, 2, '1000', '14.7000', '0.0000', '22.9788', '14.7300', '0.0147', '24255.0000', '0.0000', '0.0000', 1650000.0000, 1, 'DDU', '2005-10-29', 'EUR', 655.96, 0.0200, 'CST', 19, 'IND', 999, 'BFA', '4', 'SEA', NULL, '2009-01-14', 'usinsen', '2009-01-14', 'FABRICANT = NESTOR', '2', '0.0200', '0.0100'),
(190, 'SEN', 'etha400mgt', NULL, NULL, 'ATB', NULL, 2, NULL, 2, '1000', '14.7000', '0.0000', '23.0568', '14.7800', '0.0147', '24255.0000', '0.0000', '0.0000', 1650000.0000, 1, 'DDU', '2005-10-29', 'EUR', 655.96, 0.0200, 'FG', 24, 'FRA', 42, '', '1', 'SEA', NULL, '2009-01-22', 'usinsen1', '2009-01-22', NULL, '2', '0.0100', '0.0100'),
(118, 'SEN', 'idv400mgc', NULL, NULL, 'ARV', NULL, 3, NULL, 2, '60', '12.2500', '0.0000', '18.7200', '12.0000', '0.2042', '765750.0000', '0.0000', '0.0000', 3750000.0000, 1, 'DDU', '2005-10-29', 'EUR', 655.97, 0.3100, 'CST', 139, 'NDL', 10, 'DNK', '1', 'AIR', NULL, '2009-01-13', 'usinsen', '2009-01-13', NULL, '2', '0.2000', '0.1300'),
(119, 'SEN', 'idv400mgc', NULL, NULL, 'ARV', NULL, 3, NULL, 2, '60', '12.8040', '0.0000', '19.6560', '12.6000', '0.2134', '266750.0000', '0.0000', '0.0000', 1250000.0000, 1, 'DDU', '2005-10-29', 'EUR', 655.97, 0.3300, 'CST', 11, 'IND', 11, 'IND', '4', 'AIR', NULL, '2009-01-13', 'usinsen', '2009-01-13', NULL, '2', '0.2100', '0.1400'),
(158, 'SEN', 'isoeth150400mgt', NULL, NULL, 'ATB', NULL, 2, NULL, 2, '1000', '16.1000', '0.0000', '25.1940', '16.1500', '0.0161', '98210.0000', '0.0000', '0.0000', 6100000.0000, 1, 'DDU', '2005-10-29', 'EUR', 655.96, 0.0300, 'CST', 24, 'FRA', 42, '', '1', 'SEA', NULL, '2009-01-14', 'usinsen', '2009-01-14', 'FABRICANT = CSP', '2', '0.0300', '0.0200'),
(152, 'SEN', 'ison100mgt', NULL, NULL, 'ATB', NULL, 2, NULL, 2, '1000', '4.3100', '0.0000', '6.7236', '4.3100', '0.0043', '946.0000', '0.0000', '0.0000', 220000.0000, 1, 'DDU', '2005-10-29', 'EUR', 655.96, 0.0100, 'CST', 1, 'EGY', 1000, 'BFA', '4', 'SEA', NULL, '2009-01-14', 'usinsen', '2009-01-14', 'fabricant = HOLDING', '2', '0.0100', '0.0000'),
(105, 'SEN', 'lmv150mgt', NULL, NULL, 'ARV', NULL, 2, NULL, 2, '60', '2.8740', '0.0000', '4.6800', '3.0000', '0.0479', '71850.0000', '0.0000', '0.0000', 1500000.0000, 1, 'DDU', '2005-10-29', 'EUR', 655.97, 0.0800, 'CST', 13, 'IND', 13, 'IND', '4', 'AIR', NULL, '2009-01-13', 'usinsen', '2009-01-13', '2005 = 2006', '2', '0.0500', '0.0300'),
(106, 'SEN', 'lmv150mgt', NULL, NULL, 'ARV', NULL, 2, NULL, 2, '60', '3.4860', '0.0000', '2.8080', '1.8000', '0.0581', '29050.0000', '0.0000', '0.0000', 500000.0000, 1, 'DDU', '2005-10-29', 'EUR', 655.97, 0.0500, 'CST', 12, 'IND', 12, 'IND', '4', 'AIR', NULL, '2009-01-13', 'usinsen', '2009-01-13', '2005 = 2006', '2', '0.0600', '0.0400'),
(115, 'SEN', 'lpv200rit50mgc', NULL, NULL, 'ARV', NULL, 2, NULL, 2, '120', '39.6000', '0.0000', '61.7760', '39.6000', '0.3300', '660.0000', '0.0000', '0.0000', 2000.0000, 1, 'DDU', '2005-10-29', 'EUR', 655.97, 0.5100, 'CST', 15, 'ZAF', 15, 'ZAF', '4', 'AIR', NULL, '2009-01-13', 'usinsen', '2009-01-13', NULL, '2', '0.5100', '0.3300'),
(167, 'SEN', 'meas', NULL, NULL, 'VAC', NULL, 4, NULL, 2, '50', '0.0000', '0.0000', '0.0000', NULL, '0.1700', NULL, '0.0000', '0.0000', 0.0000, 3, 'DDU', '2006-01-01', 'USD', 545, 0.1100, 'OTHE', 121, 'DNK', 999, 'BFA', '3', 'AIR', NULL, '2009-01-14', 'usinsen', '2009-01-14', NULL, '2', '0.1700', '0.1100');
INSERT INTO `tbuying_07` (`tbuying_rowid`, `tbuying_ec_id`, `tbuying_product_id`, `tbuying_uv`, `tbuying_concent_id`, `tbuying_categ_id`, `tbuying_dosage_id`, `tbuying_smalunit_id`, `tbuying_us`, `tbuying_pack_id`, `tbuying_pack_size`, `tbuying_price_per_pack`, `tbuying_qty_pack`, `tbuying_price_per_pack_dol`, `tbuying_price_per_pack_eur`, `tbuying_ppu`, `tbuying_tcost`, `tbuying_tcost_dol`, `tbuying_tcost_eur`, `tbuying_qu`, `tbuying_present_id`, `tbuying_inco_id`, `tbuying_dbid`, `tbuying_cur_id`, `tbuying_exr`, `tbuying_ppu_cur`, `tbuying_srcfund_id`, `tbuying_prov_id`, `tbuying_prov_coun_id`, `tbuying_manu_id`, `tbuying_manu_coun_id`, `tbuying_type_prov_id`, `tbuying_transport_id`, `tbuying_lead_time`, `tbuying_date`, `tbuying_auth`, `tbuying_dmod`, `tbuying_remark`, `tbuying_status`, `tbuying_ppu_dol`, `tbuying_ppu_eur`) VALUES
(188, 'SEN', 'meni', NULL, NULL, 'VAC', NULL, 5, NULL, 2, '10', '80.0000', '0.0000', '124.8000', '80.0000', '8.0000', '180000.0000', '0.0000', '0.0000', 22500.0000, 3, 'DDU', '2005-10-29', 'EUR', 655.96, 12.4800, 'CST', 17, 'FRA', 1, 'FRA', '4', 'AIR', NULL, '2009-01-22', 'usinsen1', '2009-01-22', NULL, '2', '12.4800', '8.0000'),
(189, 'SEN', 'meni', NULL, NULL, 'VAC', NULL, 5, NULL, 2, '10', '85.0000', '0.0000', '132.6000', '85.0000', '8.5000', '63750.0000', '0.0000', '0.0000', 7500.0000, 3, 'DDU', '2005-10-29', 'EUR', 655.96, 13.2600, 'CST', 22, 'FRA', 41, 'FRA', '4', 'AIR', NULL, '2009-01-22', 'usinsen1', '2009-01-22', NULL, '2', '13.2600', '8.5000'),
(169, 'SEN', 'meni', NULL, NULL, 'VAC', NULL, 5, NULL, 2, '25', '14.7500', '0.0000', '23.0100', '14.7500', '0.5900', '590000.0000', '0.0000', '0.0000', 999999.9999, 2, 'DDU', '2005-10-29', 'EUR', 655.96, 0.9200, 'CST', 22, 'FRA', 41, 'FRA', '4', 'AIR', NULL, '2009-01-14', 'usinsen', '2009-01-14', 'fabricant = Aventis Pasteur FR', '2', '0.9200', '0.5900'),
(107, 'SEN', 'nevi200mg', NULL, NULL, 'ARV', NULL, 2, NULL, 2, '60', '3.6000', '0.0000', '5.6160', '3.6000', '0.0600', '52425.0000', '0.0000', '0.0000', 873750.0000, 1, 'DDU', '2005-10-29', 'EUR', 655.97, 0.0900, 'CST', 13, 'IND', 13, 'IND', '4', 'AIR', NULL, '2009-01-13', 'usinsen', '2009-01-13', NULL, '2', '0.0900', '0.0600'),
(108, 'SEN', 'nevi200mg', NULL, NULL, 'ARV', NULL, 2, NULL, 2, '60', '4.2000', '0.0000', '6.5520', '4.2000', '0.0700', '20387.5000', '0.0000', '0.0000', 291250.0000, 1, 'DDU', '2005-10-29', 'EUR', 655.97, 0.1100, 'CST', 12, 'IND', 12, 'IND', '4', 'AIR', NULL, '2009-01-13', 'usinsen', '2009-01-13', NULL, '2', '0.1100', '0.0700'),
(120, 'SEN', 'nfv250mgt', NULL, NULL, 'ARV', NULL, 2, NULL, 2, '270', '70.2000', '0.0000', '109.5120', '70.2000', '0.2600', '260000.0000', '0.0000', '0.0000', 1000000.0000, 1, 'DDU', '2005-10-29', 'EUR', 655.97, 0.4100, 'CST', 16, 'IND', 16, 'IND', '4', 'AIR', NULL, '2009-01-13', 'usinsen', '2009-01-13', NULL, '2', '0.4100', '0.2600'),
(165, 'SEN', 'poli', NULL, NULL, 'VAC', NULL, 4, NULL, 2, '100', '15.0000', '0.0000', '15.0000', '9.6000', '0.1500', NULL, '0.0000', '0.0000', 0.0000, 3, 'DDU', '2005-01-01', 'USD', 545, 0.1000, 'FG', 121, 'DNK', 1000, 'BFA', '3', 'AIR', NULL, '2009-01-14', 'usinsen', '2009-01-14', NULL, '2', '0.1500', '0.1000'),
(156, 'SEN', 'pyra400mgt', NULL, NULL, 'ATB', NULL, 2, NULL, 2, '1000', '8.3000', '0.0000', '8.3000', '5.3120', '0.0083', '25522.5000', '0.0000', '0.0000', 3075000.0000, 1, 'DDU', '2005-10-29', 'USD', 655.96, 0.0100, 'CST', 19, 'IND', 999, 'BFA', '4', 'SEA', NULL, '2009-01-14', 'usinsen', '2009-01-14', 'CSP = FABRICANT', '2', '0.0100', '0.0100'),
(191, 'SEN', 'pyra400mgt', NULL, NULL, 'ATB', NULL, 2, NULL, 2, '1000', '10.6000', '0.0000', '12.9480', '8.3000', '0.0106', '10865.0000', '0.0000', '0.0000', 1025000.0000, 1, 'DDU', '2005-10-29', 'EUR', 655.96, 0.0100, 'CST', 24, 'FRA', 42, '', '1', 'SEA', NULL, '2009-01-22', 'usinsen1', '2009-01-22', NULL, '2', '0.0100', '0.0100'),
(130, 'SEN', 'quin150mgo', NULL, NULL, 'APA', NULL, 5, NULL, 2, '100', '4200.0000', '0.0000', '6552.0000', '4200.0000', '42.0000', '999999.9999', '0.0000', '0.0000', 999999.9999, 3, 'DDU', '2005-10-29', 'EUR', 655.97, 65.5200, 'CST', 18, 'BEL', 1000, 'BFA', '4', 'SEA', NULL, '2009-01-13', 'usinsen', '2009-01-13', 'quinine 150mg = quinine 200mg car la forme 200mg ne figure p', '2', '65.5200', '42.0000'),
(153, 'SEN', 'rifaison15075mgt', NULL, NULL, 'ATB', NULL, 2, NULL, 2, '1000', '13.0000', '0.0000', '20.2800', '13.0000', '0.0130', '39000.0000', '0.0000', '0.0000', 999999.9999, 1, 'DDU', '2005-10-29', 'EUR', 655.96, 0.0200, 'CST', 19, 'IND', 1000, 'BFA', '4', 'SEA', NULL, '2009-01-14', 'usinsen', '2009-01-14', 'FABRICANT = NESTOR', '2', '0.0200', '0.0100'),
(154, 'SEN', 'rifaison15075mgt', NULL, NULL, 'ATB', NULL, 2, NULL, 2, '1000', '15.6100', '0.0000', '24.3516', '15.6100', '0.0156', '15610.0000', '0.0000', '0.0000', 999999.9999, 1, 'DDU', '2005-10-29', 'EUR', 655.96, 0.0200, 'CST', 24, 'FRA', 999, 'BFA', '1', 'SEA', NULL, '2009-01-14', 'usinsen', '2009-01-14', 'FABRICANT = CSP', '2', '0.0200', '0.0200'),
(163, 'SEN', 'santivenin', NULL, NULL, 'SER', NULL, 4, NULL, 2, '10', '100.0000', '0.0000', '1559.9922', '999.9950', '10.0000', '5000.0000', '0.0000', '0.0000', 500.0000, 3, 'DDU', '2005-10-29', 'EUR', 655.96, 156.0000, 'CST', 22, 'FRA', 41, 'FRA', '4', 'AIR', NULL, '2009-01-14', 'usinsen', '2009-01-14', 'fabricant = Aventis Pasteur FR', '2', '15.6000', '10.0000'),
(161, 'SEN', 'strep1', NULL, NULL, 'ATB', NULL, 4, NULL, 2, '50', '0.8050', '0.0000', '1.2558', '0.8050', '0.1196', '12333.7500', '0.0000', '0.0000', 103125.0000, 3, 'DDU', '2005-10-29', 'EUR', 655.96, 0.1900, 'CST', 1, 'EGY', 999, 'BFA', '4', 'SEA', NULL, '2009-01-14', 'usinsen', '2009-01-14', 'fabricant = HOLDING', '2', '0.1900', '0.1200'),
(162, 'SEN', 'strep1', NULL, NULL, 'ATB', NULL, 4, NULL, 2, '50', '9.2650', '0.0000', '14.4534', '9.2650', '0.1853', '6369.6875', '0.0000', '0.0000', 34375.0000, 3, 'DDU', '2005-10-29', 'EUR', 655.96, 0.2900, 'CST', 30, 'FRA', 1000, 'BFA', '4', 'SEA', NULL, '2009-01-14', 'usinsen', '2009-01-14', 'fabricant = Panpharma', '2', '0.2900', '0.1900'),
(114, 'SEN', 'stv1mlp', NULL, NULL, 'ARV', NULL, 4, NULL, 2, '200', '1.2400', '0.0000', '1.9344', '1.2400', '1.2400', '372.0000', '0.0000', '0.0000', 300.0000, 3, 'DDU', '2005-10-29', 'EUR', 655.97, 1.9300, 'CST', 14, 'FRA', 14, 'FRA', '4', 'AIR', NULL, '2009-01-13', 'usinsen', '2009-01-13', NULL, '2', '1.9300', '1.2400'),
(174, 'SEN', 'stv30mgc', NULL, NULL, 'ARV', NULL, 1, NULL, 2, '56', '2.4000', '0.0000', '3.7440', '2.4000', '0.0400', '19600.0000', '0.0000', '0.0000', 490000.0000, 1, 'DDU', '2005-10-29', 'EUR', 655.96, 0.0600, 'CST', 12, 'IND', 999, 'BFA', '4', 'AIR', NULL, '2009-01-16', 'usinsen', '2009-01-16', 'Fabricant = STRIDES ARCOLABS', '2', '0.0600', '0.0400'),
(113, 'SEN', 'stv40mgc', NULL, NULL, 'ARV', NULL, 1, NULL, 2, '60', '1.8000', '0.0000', '2.8080', '1.8000', '0.0300', '9540.0000', '0.0000', '0.0000', 318000.0000, 1, 'DDU', '2005-10-29', 'EUR', 655.97, 0.0500, 'CST', 13, 'IND', 13, 'IND', '4', 'AIR', NULL, '2009-01-13', 'usinsen', '2009-01-13', NULL, '2', '0.0500', '0.0300'),
(126, 'SEN', 'sul500pyr25', NULL, NULL, 'APA', NULL, 2, NULL, 2, '3', '37.3200', '0.0000', '58.2192', '37.3200', '12.4400', '999999.9999', '0.0000', '0.0000', 999999.9999, 1, 'DDU', '2005-10-29', 'EUR', 655.97, 19.4100, 'CST', 21, 'IND', 999, 'BFA', '4', 'SEA', NULL, '2009-01-13', 'usinsen', '2009-01-13', 'Pharmacia = Pure pharma car Pure pharma ne figure pas dans l', '2', '19.4100', '12.4400'),
(127, 'SEN', 'sul500pyr25', NULL, NULL, 'APA', NULL, 2, NULL, 2, '3', '37.3800', '0.0000', '58.3128', '37.3800', '12.4600', '999999.9999', '0.0000', '0.0000', 999999.9999, 1, 'DDU', '2005-10-29', 'EUR', 655.97, 19.4400, 'CST', 19, 'IND', 999, 'BFA', '4', 'SEA', NULL, '2009-01-13', 'usinsen', '2009-01-13', 'Unknown Pays BFA = Nestor Pharmaceuticals qui ne figure pas ', '2', '19.4400', '12.4600'),
(128, 'SEN', 'sul500pyr25', NULL, NULL, 'APA', NULL, 2, NULL, 2, '3', '42.9300', '0.0000', '66.9708', '42.9300', '14.3100', '999999.9999', '0.0000', '0.0000', 999999.9999, 1, 'DDU', '2005-10-29', 'EUR', 655.97, 22.3200, 'CST', 6, 'GHA', 999, 'BFA', '4', 'SEA', NULL, '2009-01-13', 'usinsen', '2009-01-13', 'Unknown Pays BFA = Phyto Ricker', '2', '22.3200', '14.3100'),
(129, 'SEN', 'sul500pyr25', NULL, NULL, 'APA', NULL, 5, NULL, 2, '10', '606.3000', '0.0000', '945.8280', '606.3000', '60.6300', '999999.9999', '0.0000', '0.0000', 300000.0000, 3, 'DDU', '2005-10-29', 'EUR', 655.97, 94.5800, 'CST', 3, 'IND', 1000, 'BFA', '4', 'SEA', NULL, '2009-01-13', 'usinsen', '2009-01-13', 'Produit = SP injectable; Pésentation: flacon = ampoule qui n', '2', '94.5800', '60.6300'),
(168, 'SEN', 'yelo', NULL, NULL, 'VAC', NULL, 5, NULL, 2, '10', '0.0000', '0.0000', '0.0000', NULL, '0.8100', NULL, '0.0000', '0.0000', 0.0000, 2, 'CIF', '2005-01-01', 'USD', 545, 0.5200, 'FG', 121, 'DNK', 1000, 'BFA', '3', 'AIR', NULL, '2009-01-14', 'usinsen', '2009-01-14', NULL, '2', '0.8100', '0.5200'),
(102, 'SEN', 'zdv100cap', NULL, NULL, 'ARV', NULL, 1, NULL, 2, '100', '6.0000', '0.0000', '9.3600', '6.0000', '0.0600', '12000.0000', '0.0000', '0.0000', 200000.0000, 1, 'DDU', '2005-10-29', 'EUR', 655.97, 0.0900, 'CST', 13, 'IND', 13, 'IND', '4', 'AIR', NULL, '2009-01-13', 'usinsen', '2009-01-13', 'Date d\'ouverture: 2005 et non 2006; car 2005 n\'y figure pas\r', '2', '0.0900', '0.0600'),
(101, 'SEN', 'zdv10mgvial', NULL, NULL, 'ARV', NULL, 5, NULL, 1, '1', '0.6800', '0.0000', '1.0608', '0.6800', '0.6800', '0.6800', '0.0000', '0.0000', 1.0000, 3, 'DDU', '2005-10-29', 'EUR', 655.97, 1.0600, 'CST', 2, 'NDL', 10, 'DNK', '1', 'AIR', NULL, '2009-01-13', 'usinsen', '2009-01-13', NULL, '2', '1.0600', '0.6800'),
(117, 'SEN', 'zdv300lmv150', NULL, NULL, 'ARV', NULL, 1, NULL, 1, '60', '12.0000', '0.0000', '18.7200', '12.0000', '0.2000', '400000.0000', '0.0000', '0.0000', 999999.9999, 1, 'DDU', '2005-10-29', 'EUR', 655.97, 0.3100, 'CST', 2, 'NDL', 1000, 'BFA', '1', 'AIR', NULL, '2009-01-13', 'usinsen', '2009-01-13', NULL, '2', '0.3100', '0.2000'),
(116, 'SEN', 'zdv300lmv150', NULL, NULL, 'ARV', NULL, 1, NULL, 2, '60', '12.0000', '0.0000', '18.7200', '12.0000', '0.2000', '400000.0000', '0.0000', '0.0000', 999999.9999, 1, 'DDU', '2005-10-29', 'EUR', 655.97, 0.3100, 'CST', 13, 'IND', 13, 'IND', '4', 'AIR', NULL, '2009-01-13', 'usinsen', '2009-01-13', NULL, '2', '0.3100', '0.2000'),
(103, 'SEN', 'zdv300mgt', NULL, NULL, 'ARV', NULL, 2, NULL, 2, '60', '9.0000', '0.0000', '14.0400', '9.0000', '0.1500', '168750.0000', '0.0000', '0.0000', 999999.9999, 1, 'DDU', '2005-10-29', 'EUR', 655.97, 0.2300, 'CST', 11, 'IND', 11, 'IND', '4', 'AIR', NULL, '2009-01-13', 'usinsen', '2009-01-13', '2006 = 2005', '2', '0.2300', '0.1500'),
(104, 'SEN', 'zdv300mgt', NULL, NULL, 'ARV', NULL, 2, NULL, 2, '60', '9.6000', '0.0000', '14.9760', '9.6000', '0.1600', '60000.0000', '0.0000', '0.0000', 375000.0000, 1, 'DDU', '2005-10-29', 'EUR', 655.97, 0.2500, 'CST', 13, 'IND', 13, 'IND', '4', 'AIR', NULL, '2009-01-13', 'usinsen', '2009-01-13', '2005= 2006', '2', '0.2500', '0.1600');

-- --------------------------------------------------------

--
-- Doublure de structure pour la vue `tbuying_view_en`
-- (Voir ci-dessous la vue réelle)
--
CREATE TABLE `tbuying_view_en` (
`checker` char(0)
,`tbuying_rowid` int(6)
,`tecowas_id` char(3)
,`tecowas_desc` char(40)
,`tproduct_id` varchar(30)
,`tproduct_desc` varchar(120)
,`tproduct_brand_name` varchar(20)
,`tproduct_cat` char(3)
,`tbuying_present_id` int(3)
,`tpresent_id` int(3)
,`tpresent_desc` varchar(40)
,`tpack_id` int(3)
,`tpack_desc` varchar(40)
,`ttransport_id` char(3)
,`ttransport_desc` varchar(40)
,`tinco_id` char(3)
,`tinco_desc` varchar(40)
,`tbuying_dbid` date
,`tcur_id` char(3)
,`tcur_desc` varchar(40)
,`tcur_symb` varchar(4)
,`exr` float
,`tsrcfund_id` varchar(4)
,`tsrcfund_desc` varchar(40)
,`tprov_id` int(5)
,`tprov_desc` varchar(40)
,`tprov_coun_id` varchar(4)
,`tprov_coun_desc` varchar(40)
,`ttype_prov_id` varchar(20)
,`ttype_prov_desc` varchar(40)
,`tmanu_id` int(5)
,`tmanu_desc` varchar(40)
,`tmanu_coun_id` char(3)
,`tmanu_coun_desc` varchar(40)
,`tsmalunit_id` int(3)
,`tsmalunit_desc` varchar(40)
,`tbuying_ppu` decimal(14,4)
,`tbuying_ppu_dol` decimal(14,4)
,`tbuying_ppu_eur` decimal(14,4)
,`tbuying_tcost` decimal(14,4)
,`tbuying_qu` double(14,4)
,`tbuying_qty_pack` decimal(14,4)
,`tbuying_price_per_pack` decimal(14,4)
,`tbuying_price_per_pack_dol` decimal(14,4)
,`tbuying_price_per_pack_eur` decimal(14,4)
,`tbuying_tcost_dol` decimal(14,4)
,`tbuying_tcost_eur` decimal(14,4)
,`tbuying_pack_size` decimal(4,0)
,`tbuying_lead_time` varchar(10)
,`tbuying_remark` mediumtext
,`tbuying_status` char(1)
);

-- --------------------------------------------------------

--
-- Doublure de structure pour la vue `tbuying_view_fr`
-- (Voir ci-dessous la vue réelle)
--
CREATE TABLE `tbuying_view_fr` (
`checker` char(0)
,`tbuying_rowid` int(6)
,`tecowas_id` char(3)
,`tecowas_desc` char(40)
,`tproduct_id` varchar(30)
,`tproduct_desc` varchar(120)
,`tproduct_brand_name` varchar(20)
,`tproduct_cat` char(3)
,`tbuying_present_id` int(3)
,`tpresent_id` int(3)
,`tpresent_desc` varchar(40)
,`tpack_id` int(3)
,`tpack_desc` varchar(40)
,`ttransport_id` char(3)
,`ttransport_desc` varchar(40)
,`tinco_id` char(3)
,`tinco_desc` varchar(40)
,`tbuying_dbid` date
,`tcur_id` char(3)
,`tcur_desc` varchar(40)
,`tcur_symb` varchar(4)
,`exr` float
,`tsrcfund_id` varchar(4)
,`tsrcfund_desc` varchar(40)
,`tprov_id` int(5)
,`tprov_desc` varchar(40)
,`tprov_coun_id` varchar(4)
,`tprov_coun_desc` varchar(40)
,`ttype_prov_id` varchar(20)
,`ttype_prov_desc` varchar(40)
,`tmanu_id` int(5)
,`tmanu_desc` varchar(40)
,`tmanu_coun_id` char(3)
,`tmanu_coun_desc` varchar(40)
,`tsmalunit_id` int(3)
,`tsmalunit_desc` varchar(40)
,`tbuying_ppu` decimal(14,4)
,`tbuying_ppu_dol` decimal(14,4)
,`tbuying_ppu_eur` decimal(14,4)
,`tbuying_tcost` decimal(14,4)
,`tbuying_qu` double(14,4)
,`tbuying_qty_pack` decimal(14,4)
,`tbuying_price_per_pack` decimal(14,4)
,`tbuying_price_per_pack_dol` decimal(14,4)
,`tbuying_price_per_pack_eur` decimal(14,4)
,`tbuying_tcost_dol` decimal(14,4)
,`tbuying_tcost_eur` decimal(14,4)
,`tbuying_pack_size` decimal(4,0)
,`tbuying_lead_time` varchar(10)
,`tbuying_remark` mediumtext
,`tbuying_status` char(1)
);

-- --------------------------------------------------------

--
-- Structure de la table `tcategory_en`
--

CREATE TABLE `tcategory_en` (
  `tcateg_id` char(3) NOT NULL,
  `tcateg_desc` varchar(40) NOT NULL,
  `tcateg_status` char(1) NOT NULL DEFAULT '1',
  `tcateg_remark` varchar(40) DEFAULT NULL
) ENGINE=InnoDB DEFAULT CHARSET=latin1;

--
-- Déchargement des données de la table `tcategory_en`
--

INSERT INTO `tcategory_en` (`tcateg_id`, `tcateg_desc`, `tcateg_status`, `tcateg_remark`) VALUES
('APA', 'Antimalarial', '1', ''),
('ARV', 'Antiretrovirals', '1', 'Remarque'),
('ATB', 'Antituberculosis', '1', ''),
('CON', 'Contraceptives', '1', ''),
('SER', 'Serum', '1', ''),
('VAC', 'Vaccins', '1', '');

-- --------------------------------------------------------

--
-- Structure de la table `tcategory_fr`
--

CREATE TABLE `tcategory_fr` (
  `tcateg_id` char(3) NOT NULL,
  `tcateg_desc` varchar(40) NOT NULL,
  `tcateg_status` char(1) NOT NULL DEFAULT '1',
  `tcateg_remark` varchar(40) DEFAULT NULL
) ENGINE=InnoDB DEFAULT CHARSET=latin1;

--
-- Déchargement des données de la table `tcategory_fr`
--

INSERT INTO `tcategory_fr` (`tcateg_id`, `tcateg_desc`, `tcateg_status`, `tcateg_remark`) VALUES
('APA', 'Antipaludéens', '1', ''),
('ARV', 'Antirétroviraux', '1', 'Remarque'),
('ATB', 'Antituberculeux', '1', ''),
('CON', 'Contraceptifs', '1', ''),
('SER', 'Sérum', '1', ''),
('VAC', 'Vaccins', '1', '');

-- --------------------------------------------------------

--
-- Structure de la table `tconcentration`
--

CREATE TABLE `tconcentration` (
  `tconcent_id` tinyint(3) NOT NULL,
  `tconcent_desc` varchar(40) DEFAULT NULL,
  `tconcent_status` char(1) DEFAULT NULL,
  `tconcent_remark` varchar(40) DEFAULT NULL
) ENGINE=InnoDB DEFAULT CHARSET=latin1;

--
-- Déchargement des données de la table `tconcentration`
--

INSERT INTO `tconcentration` (`tconcent_id`, `tconcent_desc`, `tconcent_status`, `tconcent_remark`) VALUES
(1, '(g)', '1', ''),
(2, '(mg)', '1', ''),
(3, '(mg/ml)', '1', ''),
(4, '(mcg)/mg)', '1', ''),
(5, '(mg+mcg)/mg)', '1', ''),
(6, '(ui)', '1', ''),
(7, '(ml)', '1', ''),
(8, '(ui/ml)', '1', ''),
(9, '(iu/ml)', '1', ''),
(10, 'N/A', '1', 'For CONTRACEPTIVE'),
(11, 'Tconcentration 11 status = 3', '3', NULL),
(12, 'NULL', '1', NULL);

-- --------------------------------------------------------

--
-- Structure de la table `tconcentration_en`
--

CREATE TABLE `tconcentration_en` (
  `tconcent_id` tinyint(3) NOT NULL,
  `tconcent_desc` varchar(40) NOT NULL,
  `tconcent_status` char(1) NOT NULL DEFAULT '1',
  `tconcent_remark` varchar(40) DEFAULT NULL
) ENGINE=InnoDB DEFAULT CHARSET=latin1;

--
-- Déchargement des données de la table `tconcentration_en`
--

INSERT INTO `tconcentration_en` (`tconcent_id`, `tconcent_desc`, `tconcent_status`, `tconcent_remark`) VALUES
(1, '(g)', '1', ''),
(2, '(mg)', '1', ''),
(3, '(mg/ml)', '1', ''),
(4, '(mcg)/mg)', '1', ''),
(5, '(mg+mcg)/mg', '1', ''),
(6, '(iu)', '1', ''),
(7, '(ml)', '1', ''),
(8, '(iu/ml)', '1', ''),
(99, 'N/A', '1', 'For CONTRACEPTIVE');

-- --------------------------------------------------------

--
-- Structure de la table `tconcentration_fr`
--

CREATE TABLE `tconcentration_fr` (
  `tconcent_id` tinyint(3) NOT NULL,
  `tconcent_desc` varchar(40) NOT NULL,
  `tconcent_status` char(1) NOT NULL DEFAULT '1',
  `tconcent_remark` varchar(40) DEFAULT NULL
) ENGINE=InnoDB DEFAULT CHARSET=latin1;

--
-- Déchargement des données de la table `tconcentration_fr`
--

INSERT INTO `tconcentration_fr` (`tconcent_id`, `tconcent_desc`, `tconcent_status`, `tconcent_remark`) VALUES
(1, '(g)', '1', ''),
(2, '(mg)', '1', ''),
(3, '(mg/ml)', '1', ''),
(4, '(mcg)/mg', '1', ''),
(5, '(mg+mcg)/mg)', '1', ''),
(6, '(ui)', '1', ''),
(7, '(ml)', '1', ''),
(8, '(ui/ml)', '1', ''),
(99, 'N/A', '1', 'For CONTRACEPTIVE');

-- --------------------------------------------------------

--
-- Structure de la table `tcountry`
--

CREATE TABLE `tcountry` (
  `tcountry_id` char(3) NOT NULL DEFAULT '',
  `tcountry_desc` varchar(40) DEFAULT NULL,
  `tcountry_status` char(1) DEFAULT NULL COMMENT 'Status_code :\r\n0 = non actif\r\n1 = actif',
  `tcountry_remark` varchar(40) DEFAULT NULL
) ENGINE=InnoDB DEFAULT CHARSET=latin1;

--
-- Déchargement des données de la table `tcountry`
--

INSERT INTO `tcountry` (`tcountry_id`, `tcountry_desc`, `tcountry_status`, `tcountry_remark`) VALUES
('*', '*', '0', 'Selection de tous les pays'),
('ABW', ' Aruba', '1', 'ABW'),
('AFG', ' Afghanistan', '1', 'AFG'),
('AFS', 'Afrique du Sud', NULL, NULL),
('AGO', ' Angola', '1', 'AGO'),
('AIA', ' Anguilla', '1', 'AIA'),
('ALB', ' Albanie', '1', 'ALB'),
('AND', ' Andorre', '1', 'AND'),
('ANT', ' Antilles néerlandaises', '1', 'ANT'),
('ARE', ' Émirats arabes unis', '1', 'ARE'),
('ARG', ' Argentine', '1', 'ARG'),
('ARM', ' Arménie', '1', 'ARM'),
('ASM', ' Samoa américaines', '1', 'ASM'),
('ATA', ' Antarctique', '1', 'ATAL'),
('ATF', ' Terres australes fr', '1', 'ATF'),
('ATG', ' Antigua-et-Barbuda', '1', 'ATG'),
('AUS', ' Australie', '1', 'AUS'),
('AUT', ' Autriche', '1', 'AUT'),
('AZE', ' Azerbaïdjan', '1', 'AZE'),
('BDI', ' Burundi', '1', 'BDI'),
('BEL', ' Belgique', '1', 'BEL'),
('BEN', ' Bénin', '1', 'BEN'),
('BFA', ' Burkina Faso', '1', 'BFA'),
('BGD', ' Bangladesh', '1', 'BGD'),
('BGR', ' Bulgarie', '1', 'BGR'),
('BHR', ' Bahreïn', '1', 'BHR'),
('BHS', ' Bahamas', '1', 'BHS'),
('BIH', ' Bosnie-Herzégovine', '1', 'BIH'),
('BLR', ' Bélarus', '1', 'BLR'),
('BLZ', ' Belize', '1', 'BLZ'),
('BMU', ' Bermudes', '1', 'BMU'),
('BOL', ' Bolivie', '1', 'BOL'),
('BRA', ' Brésil', '1', 'BRA'),
('BRB', ' Barbade', '1', 'BRB'),
('BRN', ' Brunéi Darussalam', '1', 'BRN'),
('BTN', ' Bhoutan', '1', 'BTN'),
('BVT', ' Bouvet, Île', '1', 'BVT'),
('BWA', ' Botswana', '1', 'BWA'),
('CAF', ' Centrafricaine, Rép', '1', 'CAF'),
('CAN', ' Canada', '1', 'CAN'),
('CCk', ' Cocos (Keeling), Îl', '1', 'CCK'),
('CHE', ' Suisse', '1', 'CHE'),
('CHL', ' Chili', '1', 'CHL'),
('CHN', ' Chine', '1', 'CHN'),
('CIV', ' Côte d\'Ivoire', '1', 'CIV'),
('CMR', ' Cameroun', '1', 'CMR'),
('COD', ' Congo, République d', '1', 'COD'),
('COG', ' Congo', '1', 'COG'),
('COK', ' Cook, Îles', '1', 'COK'),
('COL', ' Colombie', '1', 'COL'),
('COM', ' Comores', '1', 'COM'),
('CPV', ' Cap-Vert', '1', 'CPV'),
('CRI', ' Costa Rica', '1', 'CRI'),
('CUB', ' Cuba', '1', 'CUB'),
('CXR', ' Christmas, Île', '1', 'CXR'),
('CYM', ' Caïmanes, Îles', '1', 'CYM'),
('CYP', ' Chypre', '1', 'CYP'),
('CZE', ' Tchèque, République', '1', 'CZE'),
('DEU', ' Allemagne', '1', 'DEU'),
('DJI', ' Djibouti', '1', 'DJI'),
('DMA', ' Dominique', '1', 'DMA'),
('DNK', ' Danemark', '1', 'DNK'),
('DOM', ' Dominicaine, Républ', '1', 'DOM'),
('DZA', ' Algérie', '1', 'DZA'),
('ECU', ' Équateur', '1', 'ECU'),
('EGY', ' Égypte', '1', 'EGY'),
('ERI', ' Érythrée', '1', 'ERI'),
('ESH', ' Sahara occidental', '1', 'ESH'),
('ESP', ' Espagne', '1', 'ESP'),
('EST', ' Estonie', '1', 'EST'),
('ETH', ' Éthiopie', '1', 'ETH'),
('FIN', ' Finlande', '1', 'FIN'),
('FJI', ' Fidji', '1', 'FJI'),
('FLK', ' Falkland, Îles (Mal', '1', 'FLK'),
('FRA', ' France', '1', 'FRA'),
('FRO', ' Féroé, Îles', '1', 'FRO'),
('FSM', ' Micronésie, États f', '1', 'FSM'),
('GAB', ' Gabon', '1', 'GAB'),
('GBR', ' Royaume-Uni', '1', 'GBR'),
('GEO', ' Géorgie', '1', 'GEO'),
('GHA', ' Ghana', '1', 'GHA'),
('GIB', ' Gibraltar', '1', 'GIB'),
('GIN', ' Guinée', '1', 'GIN'),
('GLP', ' Guadeloupe', '1', 'GLP'),
('GMB', ' Gambie', '1', 'GMB'),
('GNB', ' Guinée-Bissau', '1', 'GNB'),
('GNQ', ' Guinée équatoriale', '1', 'GNQ'),
('GRC', ' Grèce', '1', 'GRC'),
('GRD', ' Grenade', '1', 'GRD'),
('GRL', ' Groenland', '1', 'GRL'),
('GTM', ' Guatemala', '1', 'GTM'),
('GUF', ' Guyane française', '1', 'GUF'),
('GUM', ' Guam', '1', 'GUM'),
('GUY', ' Guyana', '1', 'GUY'),
('HKG', ' Hong-Kong', '1', 'HKG'),
('HMD', ' Heard, Île et McDon', '1', 'HMD'),
('HND', ' Honduras', '1', 'HND'),
('HRV', ' Croatie', '1', 'HRV'),
('HTI', ' Haïti', '1', 'HTI'),
('HUN', ' Hongrie', '1', 'HUN'),
('IDN', ' Indonésie', '1', 'IDN'),
('IND', ' Inde', '1', 'IND'),
('IOT', ' Océan Indien, Terri', '1', 'IOT'),
('IRL', ' Irlande, République', '1', 'IRL'),
('IRN', ' Iran', '1', 'IRN'),
('IRQ', ' Iraq', '1', 'IRQ'),
('ISL', ' Islande', '1', 'ISL'),
('ISR', ' Israël', '1', 'ISR'),
('ITA', ' Italie', '1', 'ITA'),
('JAM', ' Jamaïque', '1', 'JAM'),
('JOR', ' Jordanie', '1', 'JOR'),
('JPN', ' Japon', '1', 'JPN'),
('KAZ', ' Kazakhstan', '1', 'KAZ'),
('KEN', ' Kenya', '1', 'KEN'),
('KGZ', ' Kirghizistan', '1', 'KGZ'),
('KHM', ' Cambodge', '1', 'KHM'),
('KIR', ' Kiribati', '1', 'KIR'),
('KNA', ' Saint-Kitts-et-Nevi', '1', 'KNA'),
('KOR', ' Corée du Sud', '1', 'KOR'),
('KWT', ' Koweït', '1', 'KWT'),
('LAO', ' Laos', '1', 'LAO'),
('LBN', ' Liban', '1', 'LBN'),
('LBR', ' Libéria', '1', 'LBR'),
('LBY', ' Libye', '1', 'LBY'),
('LCA', ' Sainte-Lucie', '1', 'LCA'),
('LIE', ' Liechtenstein', '1', 'LIE'),
('LKA', ' Sri Lanka', '1', 'LKA'),
('LSO', ' Lesotho', '1', 'LSO'),
('LTU', ' Lituanie', '1', 'LTU'),
('LUX', ' Luxembourg', '1', 'LUX'),
('LVA', ' Lettonie', '1', 'LVA'),
('MAC', ' Macao', '1', 'MAC'),
('MAR', ' Maroc', '1', 'MAR'),
('MCO', ' Monaco', '1', 'MCO'),
('MDA', ' Moldova, République', '1', 'MDA'),
('MDG', ' Madagascar', '1', 'MDG'),
('MDV', ' Maldives', '1', 'MDV'),
('MEX', ' Mexique', '1', 'MEX'),
('MHL', ' Marshall, Îles', '1', 'MHL'),
('MKD', ' Macédoine (ERYDM)', '1', 'MKD'),
('MLI', ' Mali', '1', 'MLI'),
('MLT', ' Malte', '1', 'MLT'),
('MNG', ' Mongolie', '1', 'MNG'),
('MNP', ' Mariannes du Nord,', '1', 'MNP'),
('MOZ', ' Mozambique', '1', 'MOZ'),
('MRT', ' Mauritanie', '1', 'MRT'),
('MSR', ' Montserrat', '1', 'MSR'),
('MTQ', ' Martinique', '1', 'MTQ'),
('MUS', ' Maurice', '1', 'MUS'),
('MWI', ' Malawi', '1', 'MWI'),
('MYS', ' Malaisie', '1', 'MYS'),
('MYT', ' Mayotte', '1', 'MYT'),
('NAM', ' Namibie', '1', 'NAM'),
('NCL', ' Nouvelle-Calédonie', '1', 'NCL'),
('NDL', 'Pays Bas', '1', NULL),
('NER', ' Niger', '1', 'NER'),
('NFK', ' Norfolk, Île', '1', 'NFK'),
('NGA', ' Nigéria', '1', 'NGA'),
('NIC', ' Nicaragua', '1', 'NIC'),
('NIU', ' Niué', '1', 'NIU'),
('NLD', ' Pays-Bas', '1', 'NLD'),
('NOR', ' Norvège', '1', 'NOR'),
('NPL', ' Népal', '1', 'NPL'),
('NRU', ' Nauru', '1', 'NRU'),
('NZL', ' Nouvelle-Zélande', '1', 'NZL'),
('OMN', ' Oman', '1', 'OMN'),
('PAK', ' Pakistan', '1', 'PAK'),
('PAN', ' Panama', '1', 'PAN'),
('PCN', ' Pitcairn', '1', 'PCN'),
('PER', ' Pérou', '1', 'PER'),
('PHL', ' Philippines', '1', 'PHL'),
('PLW', ' Palaos', '1', 'PLW'),
('PNG', ' Papouasie-Nouvelle-', '1', 'PNG'),
('POL', ' Pologne', '1', 'POL'),
('PRI', ' Porto Rico', '1', 'PRI'),
('PRK', ' Corée du Nord', '1', 'PRK'),
('PRT', ' Portugal', '1', 'PRT'),
('PRY', ' Paraguay', '1', 'PRY'),
('PSE', ' Palestinien occupé,', '1', 'PSE'),
('PYF', ' Polynésie française', '1', 'PYF'),
('QAT', ' Qatar', '1', 'QAT'),
('REU', ' Réunion', '1', 'REU'),
('ROU', ' Roumanie', '1', 'ROU'),
('RUS', ' Russie, Fédération', '1', 'RUS'),
('RWA', ' Rwanda', '1', 'RWA'),
('SAU', ' Arabie saoudite', '1', 'SAU'),
('SDN', ' Soudan', '1', 'SDN'),
('SEN', ' Sénégal', '1', 'SEN'),
('SGP', ' Singapour', '1', 'SGP'),
('SGS', ' Géorgie du Sud et l', '1', 'SGS'),
('SHN', ' Sainte-Hélène', '1', 'SHN'),
('SLB', ' Salomon, Îles', '1', 'SLB'),
('SLE', ' Sierra Leone', '1', 'SLE'),
('SLV', ' El Salvador', '1', 'SLV'),
('SMR', ' Saint-Marin', '1', 'SMR'),
('SOM', ' Somalie', '1', 'SOM'),
('SPM', ' Saint-Pierre-et-Miq', '1', 'SPM'),
('STP', ' Sao Tomé-et-Princip', '1', 'STP'),
('SUR', ' Suriname', '1', 'SUR'),
('SVK', ' Slovaquie', '1', 'SVK'),
('SVN', ' Slovénie', '1', 'SVN'),
('SWE', ' Suède', '1', 'SWE'),
('SWZ', ' Swaziland', '1', 'SWZ'),
('SYC', ' Seychelles', '1', 'SYC'),
('SYR', ' Syrie', '1', 'SYR'),
('TCA', ' Turks et Caïques, Î', '1', 'TCA'),
('TCD', ' Tchad', '1', 'TCD'),
('TGO', ' Togo', '1', 'TGO'),
('THA', ' Thaïlande', '1', 'THA'),
('TJK', ' Tadjikistan', '1', 'TJK'),
('TKL', ' Tokelau', '1', 'TKL'),
('TKM', ' Turkménistan', '1', 'TKM'),
('TLS', ' Timor-Leste', '1', 'TLS'),
('TON', ' Tonga', '1', 'TON'),
('TTO', ' Trinité-et-Tobago', '1', 'TTO'),
('TUN', ' Tunisie', '1', 'TUN'),
('TUR', ' Turquie', '1', 'TUR'),
('TUV', ' Tuvalu', '1', 'TUV'),
('TWN', ' Taïwan', '1', 'TWN'),
('TZA', ' Tanzanie, Républiqu', '1', 'TZA'),
('UGA', ' Ouganda', '1', 'UGA'),
('UKR', ' Ukraine', '1', 'UKR'),
('UMI', ' Îles mineures éloig', '1', 'UMI'),
('URY', ' Uruguay', '1', 'URY'),
('USA', ' États-Unis', '1', 'USA'),
('UZB', ' Ouzbékistan', '1', 'UZB'),
('VAT', ' État de la Cité du', '1', 'VAT'),
('VCT', ' Saint-Vincent-et-le', '1', 'VCT'),
('VEN', ' Venezuela', '1', 'VEN'),
('VGB', ' Îles Vierges britan', '1', 'VGB'),
('VIR', ' Îles Vierges des Ét', '1', 'VIR'),
('VNM', ' Viet Nam', '1', 'VNM'),
('VUT', ' Vanuatu', '1', 'VUT'),
('WLF', ' Wallis et Futuna', '1', 'WLF'),
('WSM', ' Samoa', '1', 'WSM'),
('YEM', ' Yémen', '1', 'YEM'),
('YUG', ' Yougoslavie', '1', 'YUG'),
('ZAF', ' Afrique du Sud', '1', 'ZAF'),
('ZMB', ' Zambie', '1', 'ZMB'),
('ZWE', ' Zimbabwe', '1', 'ZWE');

-- --------------------------------------------------------

--
-- Structure de la table `tcountry_en`
--

CREATE TABLE `tcountry_en` (
  `tcountry_id` char(3) NOT NULL DEFAULT '',
  `tcountry_desc` varchar(40) NOT NULL,
  `tcountry_status` char(1) NOT NULL DEFAULT '1' COMMENT 'Status_code :0 = non actif1 = actif',
  `tcountry_remark` varchar(40) DEFAULT NULL
) ENGINE=InnoDB DEFAULT CHARSET=latin1;

--
-- Déchargement des données de la table `tcountry_en`
--

INSERT INTO `tcountry_en` (`tcountry_id`, `tcountry_desc`, `tcountry_status`, `tcountry_remark`) VALUES
('', 'CHANNEL ISLANDS', '1', ''),
('ABW', 'ARUBA', '1', 'ABW'),
('AFG', 'AFGHANISTAN', '1', 'AFG'),
('AGO', 'ANGOLA', '1', 'AGO'),
('AIA', 'ANGUILLA', '1', 'AIA'),
('ALB', 'ALBANIA', '1', 'ALB'),
('AND', 'ANDORRA', '1', 'AND'),
('ANT', 'NETHERLANDS ANTILLES', '1', 'ANT'),
('ARE', 'UNITED ARAB EMIRATES', '1', 'ARE'),
('ARG', 'ARGENTINA', '1', 'ARG'),
('ARM', 'ARMENIA', '1', 'ARM'),
('ASM', 'AMERICAN SAMOA', '1', 'ASM'),
('ATA', 'ANTARCTICA', '1', 'ATA'),
('ATF', 'FRENCH SOUTHERN TERRITORIES', '1', 'ATF'),
('ATG', 'ANTIGUA AND BARBUDA', '1', 'ATG'),
('AUS', 'AUSTRALIA', '1', 'AUS'),
('AUT', 'AUSTRIA', '1', 'AUT'),
('AZE', 'AZERBAIJAN', '1', 'AZE'),
('BDI', 'BURUNDI', '1', 'BDI'),
('BEL', 'BELGIUM', '1', 'BEL'),
('BEN', 'BENIN', '1', 'BEN'),
('BFA', 'BURKINA FASO', '1', 'BFA'),
('BGD', 'BANGLADESH', '1', 'BGD'),
('BGR', 'BULGARIA', '1', 'BGR'),
('BHR', 'BAHRAIN', '1', 'BHR'),
('BHS', 'BAHAMAS', '1', 'BHS'),
('BIH', 'BOSNIA AND HERZEGOVINA', '1', 'BIH'),
('BLR', 'BELARUS', '1', 'BLR'),
('BLZ', 'BELIZE', '1', 'BLZ'),
('BMU', 'BERMUDA', '1', 'BMU'),
('BOL', 'BOLIVIA', '1', 'BOL'),
('BRA', 'BRAZIL', '1', 'BRA'),
('BRB', 'BARBADOS', '1', 'BRB'),
('BRN', 'BRUNEI DARUSSALAM', '1', 'BRN'),
('BTN', 'BHUTAN', '1', 'BTN'),
('BVT', 'BOUVET ISLAND', '1', 'BVT'),
('BWA', 'BOTSWANA', '1', 'BWA'),
('CAF', 'CENTRAL AFRICAN REPUBLIC', '1', 'CAF'),
('CAN', 'CANADA', '1', 'CAN'),
('CCK', 'COCOS (KEELING) ISLANDS', '1', 'CCK'),
('CHE', 'SWITZERLAND (Confederation of Helvetia)', '1', 'CHE'),
('CHL', 'CHILE', '1', 'CHL'),
('CHN', 'CHINA', '1', 'CHN'),
('CIV', 'CÔTE D\'IVOIRE (Ivory Coast)', '1', 'CIV'),
('CMR', 'CAMEROON', '1', 'CMR'),
('COD', 'CONGO, THE DEMOCRATIC REPUBLIC OF THE (f', '1', 'COD'),
('COG', 'CONGO, REPUBLIC OF', '1', 'COG'),
('COK', 'COOK ISLANDS', '1', 'COK'),
('COL', 'COLOMBIA', '1', 'COL'),
('COM', 'COMOROS', '1', 'COM'),
('CPV', 'CAPE VERDE', '1', 'CPV'),
('CRI', 'COSTA RICA', '1', 'CRI'),
('CUB', 'CUBA', '1', 'CUB'),
('CXR', 'CHRISTMAS ISLAND', '1', 'CXR'),
('CYM', 'CAYMAN ISLANDS', '1', 'CYM'),
('CYP', 'CYPRUS', '1', 'CYP'),
('CZE', 'CZECH REPUBLIC', '1', 'CZE'),
('DEU', 'GERMANY (Deutschland)', '1', 'DEU'),
('DJI', 'DJIBOUTI', '1', 'DJI'),
('DMA', 'DOMINICA', '1', 'DMA'),
('DNK', 'DENMARK', '1', 'DNK'),
('DOM', 'DOMINICAN REPUBLIC', '1', 'DOM'),
('DZA', 'ALGERIA (El Djazaïr)', '1', 'DZA'),
('ECU', 'ECUADOR', '1', 'ECU'),
('EGY', 'EGYPT', '1', 'EGY'),
('ERI', 'ERITREA', '1', 'ERI'),
('ESH', 'WESTERN SAHARA (formerly Spanish Sahara)', '1', 'ESH'),
('ESP', 'SPAIN (España)', '1', 'ESP'),
('EST', 'ESTONIA', '1', 'EST'),
('ETH', 'ETHIOPIA', '1', 'ETH'),
('FIN', 'FINLAND', '1', 'FIN'),
('FJI', 'FIJI', '1', 'FJI'),
('FLK', 'FALKLAND ISLANDS (MALVINAS)', '1', 'FLK'),
('FRA', 'FRANCE', '1', 'FRA'),
('FRO', 'FAEROE ISLANDS', '1', 'FRO'),
('FSM', 'MICRONESIA (Federated States of Micrones', '1', 'FSM'),
('GAB', 'GABON', '1', 'GAB'),
('GBR', 'GREAT BRITAIN', '1', 'GBR'),
('GEO', 'GEORGIA', '1', 'GEO'),
('GGY', 'GUERNSEY', '1', 'GGY'),
('GHA', 'GHANA', '1', 'GHA'),
('GIB', 'GIBRALTAR', '1', 'GIB'),
('GIN', 'GUINEA', '1', 'GIN'),
('GLP', 'GUADELOUPE', '1', 'GLP'),
('GMB', 'GAMBIA, THE', '1', 'GMB'),
('GNB', 'GUINEA-BISSAU', '1', 'GNB'),
('GNQ', 'EQUATORIAL GUINEA', '1', 'GNQ'),
('GRC', 'GREECE', '1', 'GRC'),
('GRD', 'GRENADA', '1', 'GRD'),
('GRL', 'GREENLAND', '1', 'GRL'),
('GTM', 'GUATEMALA', '1', 'GTM'),
('GUF', 'FRENCH GUIANA', '1', 'GUF'),
('GUM', 'GUAM', '1', 'GUM'),
('GUY', 'GUYANA', '1', 'GUY'),
('HKG', 'HONG KONG (Special Administrative Region', '1', 'HKG'),
('HMD', 'HEARD ISLAND AND MCDONALD ISLANDS', '1', 'HMD'),
('HND', 'HONDURAS', '1', 'HND'),
('HRV', 'CROATIA (Hrvatska)', '1', 'HRV'),
('HTI', 'HAITI', '1', 'HTI'),
('HUN', 'HUNGARY', '1', 'HUN'),
('IDN', 'INDONESIA', '1', 'IDN'),
('IMN', 'ISLE OF MAN', '1', 'IMN'),
('IND', 'INDIA', '1', 'IND'),
('IOT', 'BRITISH INDIAN OCEAN TERRITORY', '1', 'IOT'),
('IRL', 'IRELAND', '1', 'IRL'),
('IRN', 'IRAN (Islamic Republic of Iran)', '1', 'IRN'),
('IRQ', 'IRAQ', '1', 'IRQ'),
('ISL', 'ICELAND', '1', 'ISL'),
('ISR', 'ISRAEL', '1', 'ISR'),
('ITA', 'ITALY', '1', 'ITA'),
('JAM', 'JAMAICA', '1', 'JAM'),
('JEY', 'JERSEY', '1', 'JEY'),
('JOR', 'JORDAN (Hashemite Kingdom of Jordan)', '1', 'JOR'),
('JPN', 'JAPAN', '1', 'JPN'),
('KAZ', 'KAZAKHSTAN', '1', 'KAZ'),
('KEN', 'KENYA', '1', 'KEN'),
('KGZ', 'KYRGYZSTAN', '1', 'KGZ'),
('KHM', 'CAMBODIA', '1', 'KHM'),
('KIR', 'KIRIBATI', '1', 'KIR'),
('KNA', 'SAINT KITTS AND NEVIS', '1', 'KNA'),
('KOR', 'KOREA (Republic of [South] Korea)', '1', 'KOR'),
('KWT', 'KUWAIT', '1', 'KWT'),
('LAO', 'LAO PEOPLE\'S DEMOCRATIC REPUBLIC', '1', 'LAO'),
('LBN', 'LEBANON', '1', 'LBN'),
('LBR', 'LIBERIA', '1', 'LBR'),
('LBY', 'LIBYA (Libyan Arab Jamahirya)', '1', 'LBY'),
('LCA', 'SAINT LUCIA', '1', 'LCA'),
('LIE', 'LIECHTENSTEIN (Fürstentum Liechtenstein)', '1', 'LIE'),
('LKA', 'SRI LANKA (formerly Ceylon)', '1', 'LKA'),
('LSO', 'LESOTHO', '1', 'LSO'),
('LTU', 'LITHUANIA', '1', 'LTU'),
('LUX', 'LUXEMBOURG', '1', 'LUX'),
('LVA', 'LATVIA', '1', 'LVA'),
('MAC', 'MACAO (Special Administrative Region of', '1', 'MAC'),
('MAR', 'MOROCCO', '1', 'MAR'),
('MCO', 'MONACO', '1', 'MCO'),
('MDA', 'MOLDOVA', '1', 'MDA'),
('MDG', 'MADAGASCAR', '1', 'MDG'),
('MDV', 'MALDIVES', '1', 'MDV'),
('MEX', 'MEXICO', '1', 'MEX'),
('MHL', 'MARSHALL ISLANDS', '1', 'MHL'),
('MKD', 'MACEDONIA (Former Yugoslav Republic of M', '1', 'MKD'),
('MLI', 'MALI', '1', 'MLI'),
('MLT', 'MALTA', '1', 'MLT'),
('MMR', 'MYANMAR (formerly Burma)', '1', 'MMR'),
('MNE', 'MONTENEGRO', '1', 'MNE'),
('MNG', 'MONGOLIA', '1', 'MNG'),
('MNP', 'NORTHERN MARIANA ISLANDS', '1', 'MNP'),
('MOZ', 'MOZAMBIQUE (Moçambique)', '1', 'MOZ'),
('MRT', 'MAURITANIA', '1', 'MRT'),
('MSR', 'MONTSERRAT', '1', 'MSR'),
('MTQ', 'MARTINIQUE', '1', 'MTQ'),
('MUS', 'MAURITIUS', '1', 'MUS'),
('MWI', 'MALAWI', '1', 'MWI'),
('MYS', 'MALAYSIA', '1', 'MYS'),
('MYT', 'MAYOTTE', '1', 'MYT'),
('NAM', 'NAMIBIA', '1', 'NAM'),
('NCL', 'NEW CALEDONIA', '1', 'NCL'),
('NER', 'NIGER', '1', 'NER'),
('NFK', 'NORFOLK ISLAND', '1', 'NFK'),
('NGA', 'NIGERIA', '1', 'NGA'),
('NIC', 'NICARAGUA', '1', 'NIC'),
('NIU', 'NIUE', '1', 'NIU'),
('NLD', 'NETHERLANDS', '1', 'NLD'),
('NOR', 'NORWAY', '1', 'NOR'),
('NPL', 'NEPAL', '1', 'NPL'),
('NRU', 'NAURU', '1', 'NRU'),
('NZL', 'NEW ZEALAND', '1', 'NZL'),
('OMN', 'OMAN', '1', 'OMN'),
('PAK', 'PAKISTAN', '1', 'PAK'),
('PAN', 'PANAMA', '1', 'PAN'),
('PCN', 'PITCAIRN', '1', 'PCN'),
('PER', 'PERU', '1', 'PER'),
('PHL', 'PHILIPPINES', '1', 'PHL'),
('PLW', 'PALAU', '1', 'PLW'),
('PNG', 'PAPUA NEW GUINEA', '1', 'PNG'),
('POL', 'POLAND', '1', 'POL'),
('PRI', 'PUERTO RICO', '1', 'PRI'),
('PRK', 'KOREA (Democratic Peoples Republic of [N', '1', 'PRK'),
('PRT', 'PORTUGAL', '1', 'PRT'),
('PRY', 'PARAGUAY', '1', 'PRY'),
('PSE', 'PALESTINIAN TERRITORIES', '1', 'PSE'),
('PYF', 'FRENCH POLYNESIA', '1', 'PYF'),
('QAT', 'QATAR', '1', 'QAT'),
('REU', 'RÉUNION', '1', 'REU'),
('ROU', 'ROMANIA', '1', 'ROU'),
('RUS', 'RUSSIAN FEDERATION', '1', 'RUS'),
('RWA', 'RWANDA', '1', 'RWA'),
('SAU', 'SAUDI ARABIA (Kingdom of Saudi Arabia)', '1', 'SAU'),
('SDN', 'SUDAN', '1', 'SDN'),
('SEN', 'SENEGAL', '1', 'SEN'),
('SGP', 'SINGAPORE', '1', 'SGP'),
('SGS', 'SOUTH GEORGIA AND THE SOUTH SANDWICH ISL', '1', 'SGS'),
('SHN', 'SAINT HELENA', '1', 'SHN'),
('SJM', 'SVALBARD AND JAN MAYEN', '1', 'SJM'),
('SLB', 'SOLOMON ISLANDS', '1', 'SLB'),
('SLE', 'SIERRA LEONE', '1', 'SLE'),
('SLV', 'EL SALVADOR', '1', 'SLV'),
('SMR', 'SAN MARINO (Republic of)', '1', 'SMR'),
('SOM', 'SOMALIA', '1', 'SOM'),
('SPM', 'SAINT PIERRE AND MIQUELON', '1', 'SPM'),
('SRB', 'SERBIA (Republic of Serbia)', '1', 'SRB'),
('STP', 'SAO TOME AND PRINCIPE', '1', 'STP'),
('SUR', 'SURINAME', '1', 'SUR'),
('SVK', 'SLOVAKIA (Slovak Republic)', '1', 'SVK'),
('SVN', 'SLOVENIA', '1', 'SVN'),
('SWE', 'SWEDEN', '1', 'SWE'),
('SWZ', 'SWAZILAND', '1', 'SWZ'),
('SYC', 'SEYCHELLES', '1', 'SYC'),
('SYR', 'SYRIAN ARAB REPUBLIC', '1', 'SYR'),
('TCA', 'TURKS AND CAICOS ISLANDS', '1', 'TCA'),
('TCD', 'CHAD (Tchad)', '1', 'TCD'),
('TGO', 'TOGO', '1', 'TGO'),
('THA', 'THAILAND', '1', 'THA'),
('TJK', 'TAJIKISTAN', '1', 'TJK'),
('TKL', 'TOKELAU', '1', 'TKL'),
('TKM', 'TURKMENISTAN', '1', 'TKM'),
('TLS', 'TIMOR-LESTE (formerly East Timor)', '1', 'TLS'),
('TON', 'TONGA', '1', 'TON'),
('TTO', 'TRINIDAD AND TOBAGO', '1', 'TTO'),
('TUN', 'TUNISIA', '1', 'TUN'),
('TUR', 'TURKEY', '1', 'TUR'),
('TUV', 'TUVALU', '1', 'TUV'),
('TWN', 'TAIWAN (\"Chinese Taipei\" for IOC)', '1', 'TWN'),
('TZA', 'TANZANIA', '1', 'TZA'),
('UGA', 'UGANDA', '1', 'UGA'),
('UKR', 'UKRAINE', '1', 'UKR'),
('UMI', 'UNITED STATES MINOR OUTLYING ISLANDS', '1', 'UMI'),
('UNK', 'UNKNOWN', '1', 'Dummy country for Manufacturer'),
('URY', 'URUGUAY', '1', 'URY'),
('USA', 'UNITED STATES', '1', 'USA'),
('UZB', 'UZBEKISTAN', '1', 'UZB'),
('VAT', 'VATICAN CITY (Holy See)', '1', 'VAT'),
('VCT', 'SAINT VINCENT AND THE GRENADINES', '1', 'VCT'),
('VEN', 'VENEZUELA', '1', 'VEN'),
('VGB', 'VIRGIN ISLANDS, BRITISH', '1', 'VGB'),
('VIR', 'VIRGIN ISLANDS, U.S.', '1', 'VIR'),
('VNM', 'VIET NAM', '1', 'VNM'),
('VUT', 'VANUATU', '1', 'VUT'),
('WLF', 'WALLIS AND FUTUNA', '1', 'WLF'),
('WSM', 'SAMOA (formerly Western Samoa)', '1', 'WSM'),
('YEM', 'YEMEN (Yemen Arab Republic)', '1', 'YEM'),
('ZAF', 'SOUTH AFRICA (Zuid Afrika)', '1', 'ZAF'),
('ZMB', 'ZAMBIA (formerly Northern Rhodesia)', '1', 'ZMB'),
('ZWE', 'ZIMBABWE', '1', 'ZWE');

-- --------------------------------------------------------

--
-- Structure de la table `tcountry_fr`
--

CREATE TABLE `tcountry_fr` (
  `tcountry_id` char(3) NOT NULL DEFAULT '',
  `tcountry_desc` varchar(40) NOT NULL,
  `tcountry_status` char(1) NOT NULL DEFAULT '1' COMMENT 'Status_code :0 = non actif1 = actif',
  `tcountry_remark` varchar(40) DEFAULT NULL
) ENGINE=InnoDB DEFAULT CHARSET=latin1;

--
-- Déchargement des données de la table `tcountry_fr`
--

INSERT INTO `tcountry_fr` (`tcountry_id`, `tcountry_desc`, `tcountry_status`, `tcountry_remark`) VALUES
('*', '*', '0', 'Selection de tous les pays'),
('ABW', ' Aruba', '1', 'ABW'),
('AFG', ' Afghanistan', '1', 'AFG'),
('AFS', 'Afrique du Sud', '', NULL),
('AGO', ' Angola', '1', 'AGO'),
('AIA', ' Anguilla', '1', 'AIA'),
('ALB', ' Albanie', '1', 'ALB'),
('AND', ' Andorre', '1', 'AND'),
('ANT', ' Antilles néerlandaises', '1', 'ANT'),
('ARE', ' Émirats arabes unis', '1', 'ARE'),
('ARG', ' Argentine', '1', 'ARG'),
('ARM', ' Arménie', '1', 'ARM'),
('ASM', ' Samoa américaines', '1', 'ASM'),
('ATA', ' Antarctique', '1', 'ATAL'),
('ATF', ' Terres australes fr', '1', 'ATF'),
('ATG', ' Antigua-et-Barbuda', '1', 'ATG'),
('AUS', ' Australie', '1', 'AUS'),
('AUT', ' Autriche', '1', 'AUT'),
('AZE', ' Azerbaïdjan', '1', 'AZE'),
('BDI', ' Burundi', '1', 'BDI'),
('BEL', ' Belgique', '1', 'BEL'),
('BEN', ' Bénin', '1', 'BEN'),
('BFA', ' Burkina Faso', '1', 'BFA'),
('BGD', ' Bangladesh', '1', 'BGD'),
('BGR', ' Bulgarie', '1', 'BGR'),
('BHR', ' Bahreïn', '1', 'BHR'),
('BHS', ' Bahamas', '1', 'BHS'),
('BIH', ' Bosnie-Herzégovine', '1', 'BIH'),
('BLR', ' Bélarus', '1', 'BLR'),
('BLZ', ' Belize', '1', 'BLZ'),
('BMU', ' Bermudes', '1', 'BMU'),
('BOL', ' Bolivie', '1', 'BOL'),
('BRA', ' Brésil', '1', 'BRA'),
('BRB', ' Barbade', '1', 'BRB'),
('BRN', ' Brunéi Darussalam', '1', 'BRN'),
('BTN', ' Bhoutan', '1', 'BTN'),
('BVT', ' Bouvet, Île', '1', 'BVT'),
('BWA', ' Botswana', '1', 'BWA'),
('CAF', ' Centrafricaine, Rép', '1', 'CAF'),
('CAN', ' Canada', '1', 'CAN'),
('CCk', ' Cocos (Keeling), Îl', '1', 'CCK'),
('CHE', ' Suisse', '1', 'CHE'),
('CHL', ' Chili', '1', 'CHL'),
('CHN', ' Chine', '1', 'CHN'),
('CIV', ' Côte d\'Ivoire', '1', 'CIV'),
('CMR', ' Cameroun', '1', 'CMR'),
('COD', ' Congo, République d', '1', 'COD'),
('COG', ' Congo', '1', 'COG'),
('COK', ' Cook, Îles', '1', 'COK'),
('COL', ' Colombie', '1', 'COL'),
('COM', ' Comores', '1', 'COM'),
('CPV', ' Cap-Vert', '1', 'CPV'),
('CRI', ' Costa Rica', '1', 'CRI'),
('CUB', ' Cuba', '1', 'CUB'),
('CXR', ' Christmas, Île', '1', 'CXR'),
('CYM', ' Caïmanes, Îles', '1', 'CYM'),
('CYP', ' Chypre', '1', 'CYP'),
('CZE', ' Tchèque, République', '1', 'CZE'),
('DEU', ' Allemagne', '1', 'DEU'),
('DJI', ' Djibouti', '1', 'DJI'),
('DMA', ' Dominique', '1', 'DMA'),
('DNK', ' Danemark', '1', 'DNK'),
('DOM', ' Dominicaine, Républ', '1', 'DOM'),
('DZA', ' Algérie', '1', 'DZA'),
('ECU', ' Équateur', '1', 'ECU'),
('EGY', ' Égypte', '1', 'EGY'),
('ERI', ' Érythrée', '1', 'ERI'),
('ESH', ' Sahara occidental', '1', 'ESH'),
('ESP', ' Espagne', '1', 'ESP'),
('EST', ' Estonie', '1', 'EST'),
('ETH', ' Éthiopie', '1', 'ETH'),
('FIN', ' Finlande', '1', 'FIN'),
('FJI', ' Fidji', '1', 'FJI'),
('FLK', ' Falkland, Îles (Mal', '1', 'FLK'),
('FRA', ' France', '1', 'FRA'),
('FRO', ' Féroé, Îles', '1', 'FRO'),
('FSM', ' Micronésie, États f', '1', 'FSM'),
('GAB', ' Gabon', '1', 'GAB'),
('GBR', ' Royaume-Uni', '1', 'GBR'),
('GEO', ' Géorgie', '1', 'GEO'),
('GHA', ' Ghana', '1', 'GHA'),
('GIB', ' Gibraltar', '1', 'GIB'),
('GIN', ' Guinée', '1', 'GIN'),
('GLP', ' Guadeloupe', '1', 'GLP'),
('GMB', ' Gambie', '1', 'GMB'),
('GNB', ' Guinée-Bissau', '1', 'GNB'),
('GNQ', ' Guinée équatoriale', '1', 'GNQ'),
('GRC', ' Grèce', '1', 'GRC'),
('GRD', ' Grenade', '1', 'GRD'),
('GRL', ' Groenland', '1', 'GRL'),
('GTM', ' Guatemala', '1', 'GTM'),
('GUF', ' Guyane française', '1', 'GUF'),
('GUM', ' Guam', '1', 'GUM'),
('GUY', ' Guyana', '1', 'GUY'),
('HKG', ' Hong-Kong', '1', 'HKG'),
('HMD', ' Heard, Île et McDon', '1', 'HMD'),
('HND', ' Honduras', '1', 'HND'),
('HRV', ' Croatie', '1', 'HRV'),
('HTI', ' Haïti', '1', 'HTI'),
('HUN', ' Hongrie', '1', 'HUN'),
('IDN', ' Indonésie', '1', 'IDN'),
('IND', ' Inde', '1', 'IND'),
('IOT', ' Océan Indien, Terri', '1', 'IOT'),
('IRL', ' Irlande, République', '1', 'IRL'),
('IRN', ' Iran', '1', 'IRN'),
('IRQ', ' Iraq', '1', 'IRQ'),
('ISL', ' Islande', '1', 'ISL'),
('ISR', ' Israël', '1', 'ISR'),
('ITA', ' Italie', '1', 'ITA'),
('JAM', ' Jamaïque', '1', 'JAM'),
('JOR', ' Jordanie', '1', 'JOR'),
('JPN', ' Japon', '1', 'JPN'),
('KAZ', ' Kazakhstan', '1', 'KAZ'),
('KEN', ' Kenya', '1', 'KEN'),
('KGZ', ' Kirghizistan', '1', 'KGZ'),
('KHM', ' Cambodge', '1', 'KHM'),
('KIR', ' Kiribati', '1', 'KIR'),
('KNA', ' Saint-Kitts-et-Nevi', '1', 'KNA'),
('KOR', ' Corée du Sud', '1', 'KOR'),
('KWT', ' Koweït', '1', 'KWT'),
('LAO', ' Laos', '1', 'LAO'),
('LBN', ' Liban', '1', 'LBN'),
('LBR', ' Libéria', '1', 'LBR'),
('LBY', ' Libye', '1', 'LBY'),
('LCA', ' Sainte-Lucie', '1', 'LCA'),
('LIE', ' Liechtenstein', '1', 'LIE'),
('LKA', ' Sri Lanka', '1', 'LKA'),
('LSO', ' Lesotho', '1', 'LSO'),
('LTU', ' Lituanie', '1', 'LTU'),
('LUX', ' Luxembourg', '1', 'LUX'),
('LVA', ' Lettonie', '1', 'LVA'),
('MAC', ' Macao', '1', 'MAC'),
('MAR', ' Maroc', '1', 'MAR'),
('MCO', ' Monaco', '1', 'MCO'),
('MDA', ' Moldova, République', '1', 'MDA'),
('MDG', ' Madagascar', '1', 'MDG'),
('MDV', ' Maldives', '1', 'MDV'),
('MEX', ' Mexique', '1', 'MEX'),
('MHL', ' Marshall, Îles', '1', 'MHL'),
('MKD', ' Macédoine (ERYDM)', '1', 'MKD'),
('MLI', ' Mali', '1', 'MLI'),
('MLT', ' Malte', '1', 'MLT'),
('MNG', ' Mongolie', '1', 'MNG'),
('MNP', ' Mariannes du Nord,', '1', 'MNP'),
('MOZ', ' Mozambique', '1', 'MOZ'),
('MRT', ' Mauritanie', '1', 'MRT'),
('MSR', ' Montserrat', '1', 'MSR'),
('MTQ', ' Martinique', '1', 'MTQ'),
('MUS', ' Maurice', '1', 'MUS'),
('MWI', ' Malawi', '1', 'MWI'),
('MYS', ' Malaisie', '1', 'MYS'),
('MYT', ' Mayotte', '1', 'MYT'),
('NAM', ' Namibie', '1', 'NAM'),
('NCL', ' Nouvelle-Calédonie', '1', 'NCL'),
('NDL', 'Pays Bas', '1', NULL),
('NER', ' Niger', '1', 'NER'),
('NFK', ' Norfolk, Île', '1', 'NFK'),
('NGA', ' Nigéria', '1', 'NGA'),
('NIC', ' Nicaragua', '1', 'NIC'),
('NIU', ' Niué', '1', 'NIU'),
('NLD', ' Pays-Bas', '1', 'NLD'),
('NOR', ' Norvège', '1', 'NOR'),
('NPL', ' Népal', '1', 'NPL'),
('NRU', ' Nauru', '1', 'NRU'),
('NZL', ' Nouvelle-Zélande', '1', 'NZL'),
('OMN', ' Oman', '1', 'OMN'),
('PAK', ' Pakistan', '1', 'PAK'),
('PAN', ' Panama', '1', 'PAN'),
('PCN', ' Pitcairn', '1', 'PCN'),
('PER', ' Pérou', '1', 'PER'),
('PHL', ' Philippines', '1', 'PHL'),
('PLW', ' Palaos', '1', 'PLW'),
('PNG', ' Papouasie-Nouvelle-', '1', 'PNG'),
('POL', ' Pologne', '1', 'POL'),
('PRI', ' Porto Rico', '1', 'PRI'),
('PRK', ' Corée du Nord', '1', 'PRK'),
('PRT', ' Portugal', '1', 'PRT'),
('PRY', ' Paraguay', '1', 'PRY'),
('PSE', ' Palestinien occupé,', '1', 'PSE'),
('PYF', ' Polynésie française', '1', 'PYF'),
('QAT', ' Qatar', '1', 'QAT'),
('REU', ' Réunion', '1', 'REU'),
('ROU', ' Roumanie', '1', 'ROU'),
('RUS', ' Russie, Fédération', '1', 'RUS'),
('RWA', ' Rwanda', '1', 'RWA'),
('SAU', ' Arabie saoudite', '1', 'SAU'),
('SDN', ' Soudan', '1', 'SDN'),
('SEN', ' Sénégal', '1', 'SEN'),
('SGP', ' Singapour', '1', 'SGP'),
('SGS', ' Géorgie du Sud et l', '1', 'SGS'),
('SHN', ' Sainte-Hélène', '1', 'SHN'),
('SLB', ' Salomon, Îles', '1', 'SLB'),
('SLE', ' Sierra Leone', '1', 'SLE'),
('SLV', ' El Salvador', '1', 'SLV'),
('SMR', ' Saint-Marin', '1', 'SMR'),
('SOM', ' Somalie', '1', 'SOM'),
('SPM', ' Saint-Pierre-et-Miq', '1', 'SPM'),
('STP', ' Sao Tomé-et-Princip', '1', 'STP'),
('SUR', ' Suriname', '1', 'SUR'),
('SVK', ' Slovaquie', '1', 'SVK'),
('SVN', ' Slovénie', '1', 'SVN'),
('SWE', ' Suède', '1', 'SWE'),
('SWZ', ' Swaziland', '1', 'SWZ'),
('SYC', ' Seychelles', '1', 'SYC'),
('SYR', ' Syrie', '1', 'SYR'),
('TCA', ' Turks et Caïques, Î', '1', 'TCA'),
('TCD', ' Tchad', '1', 'TCD'),
('TGO', ' Togo', '1', 'TGO'),
('THA', ' Thaïlande', '1', 'THA'),
('TJK', ' Tadjikistan', '1', 'TJK'),
('TKL', ' Tokelau', '1', 'TKL'),
('TKM', ' Turkménistan', '1', 'TKM'),
('TLS', ' Timor-Leste', '1', 'TLS'),
('TON', ' Tonga', '1', 'TON'),
('TTO', ' Trinité-et-Tobago', '1', 'TTO'),
('TUN', ' Tunisie', '1', 'TUN'),
('TUR', ' Turquie', '1', 'TUR'),
('TUV', ' Tuvalu', '1', 'TUV'),
('TWN', ' Taïwan', '1', 'TWN'),
('TZA', ' Tanzanie, Républiqu', '1', 'TZA'),
('UGA', ' Ouganda', '1', 'UGA'),
('UKR', ' Ukraine', '1', 'UKR'),
('UMI', ' Îles mineures éloig', '1', 'UMI'),
('UNK', 'INCONNU', '1', 'Pour la gestion des Fabricants'),
('URY', ' Uruguay', '1', 'URY'),
('USA', ' États-Unis', '1', 'USA'),
('UZB', ' Ouzbékistan', '1', 'UZB'),
('VAT', ' État de la Cité du', '1', 'VAT'),
('VCT', ' Saint-Vincent-et-le', '1', 'VCT'),
('VEN', ' Venezuela', '1', 'VEN'),
('VGB', ' Îles Vierges britan', '1', 'VGB'),
('VIR', ' Îles Vierges des Ét', '1', 'VIR'),
('VNM', ' Viet Nam', '1', 'VNM'),
('VUT', ' Vanuatu', '1', 'VUT'),
('WLF', ' Wallis et Futuna', '1', 'WLF'),
('WSM', ' Samoa', '1', 'WSM'),
('YEM', ' Yémen', '1', 'YEM'),
('YUG', ' Yougoslavie', '1', 'YUG'),
('ZAF', ' Afrique du Sud', '1', 'ZAF'),
('ZMB', ' Zambie', '1', 'ZMB'),
('ZWE', ' Zimbabwe', '1', 'ZWE');

-- --------------------------------------------------------

--
-- Structure de la table `tcur`
--

CREATE TABLE `tcur` (
  `tcur_id` char(3) NOT NULL DEFAULT '0',
  `tcur_desc` varchar(40) NOT NULL DEFAULT '',
  `tcur_status` char(1) DEFAULT NULL,
  `tcur_remark` varchar(40) DEFAULT NULL
) ENGINE=InnoDB DEFAULT CHARSET=latin1;

--
-- Déchargement des données de la table `tcur`
--

INSERT INTO `tcur` (`tcur_id`, `tcur_desc`, `tcur_status`, `tcur_remark`) VALUES
('EUR', 'EURO', '1', ''),
('USD', 'Dollars US', '1', '');

-- --------------------------------------------------------

--
-- Structure de la table `tcur_en`
--

CREATE TABLE `tcur_en` (
  `tcur_id` char(3) NOT NULL DEFAULT 'EUR',
  `tcur_desc` varchar(40) NOT NULL DEFAULT '',
  `tcur_symb` varchar(4) DEFAULT '€',
  `tcur_status` char(1) NOT NULL DEFAULT '1',
  `tcur_remark` varchar(40) DEFAULT NULL
) ENGINE=InnoDB DEFAULT CHARSET=latin1;

--
-- Déchargement des données de la table `tcur_en`
--

INSERT INTO `tcur_en` (`tcur_id`, `tcur_desc`, `tcur_symb`, `tcur_status`, `tcur_remark`) VALUES
('EUR', 'EURO', '€', '1', ''),
('USD', 'US Dollars', '$', '1', '');

-- --------------------------------------------------------

--
-- Structure de la table `tcur_fr`
--

CREATE TABLE `tcur_fr` (
  `tcur_id` char(3) NOT NULL DEFAULT 'EUR',
  `tcur_desc` varchar(40) NOT NULL DEFAULT '',
  `tcur_symb` varchar(4) DEFAULT '€',
  `tcur_status` char(1) DEFAULT NULL,
  `tcur_remark` varchar(40) DEFAULT NULL
) ENGINE=InnoDB DEFAULT CHARSET=latin1;

--
-- Déchargement des données de la table `tcur_fr`
--

INSERT INTO `tcur_fr` (`tcur_id`, `tcur_desc`, `tcur_symb`, `tcur_status`, `tcur_remark`) VALUES
('EUR', 'EURO', '€', '1', ''),
('USD', 'Dollars americains', '$', '1', '');

-- --------------------------------------------------------

--
-- Structure de la table `tcur_par`
--

CREATE TABLE `tcur_par` (
  `tcur_par_id` char(3) NOT NULL,
  `tcur_par_val` float NOT NULL,
  `tcur_par_date` date NOT NULL,
  `tcur_par_status` char(1) NOT NULL DEFAULT '1'
) ENGINE=InnoDB DEFAULT CHARSET=latin1;

--
-- Déchargement des données de la table `tcur_par`
--

INSERT INTO `tcur_par` (`tcur_par_id`, `tcur_par_val`, `tcur_par_date`, `tcur_par_status`) VALUES
('EUR', 1.56, '2008-05-18', '1'),
('USD', 0.64, '2008-05-20', '1');

-- --------------------------------------------------------

--
-- Structure de la table `tdosage`
--

CREATE TABLE `tdosage` (
  `tdosage_id` smallint(3) NOT NULL DEFAULT '0',
  `tdosage_desc` varchar(40) DEFAULT NULL,
  `tdosage_status` char(1) DEFAULT NULL,
  `tdosage_remark` varchar(20) DEFAULT NULL
) ENGINE=InnoDB DEFAULT CHARSET=latin1;

--
-- Déchargement des données de la table `tdosage`
--

INSERT INTO `tdosage` (`tdosage_id`, `tdosage_desc`, `tdosage_status`, `tdosage_remark`) VALUES
(1, 'oral solid/capsule', '1', ''),
(2, 'oral solid/gelule', '1', ''),
(3, 'oral solid/comprime', '1', ''),
(4, 'oral liquid sirop', '1', ''),
(5, 'suspension buvable', '1', ''),
(6, 'injectable/ampoule', '1', ''),
(7, 'injectable flacon', '1', ''),
(8, 'Implant', '1', ''),
(9, 'IUD', '1', ''),
(10, 'creme', '1', ''),
(11, 'gelule gynecologique', '1', ''),
(12, 'suppositoire/supposi', '1', ''),
(9999, 'Dummy/Neant', '1', NULL);

-- --------------------------------------------------------

--
-- Structure de la table `tdosage_en`
--

CREATE TABLE `tdosage_en` (
  `tdosage_id` smallint(3) NOT NULL,
  `tdosage_abb` char(4) NOT NULL,
  `tdosage_desc` varchar(40) NOT NULL,
  `tdosage_status` char(1) NOT NULL DEFAULT '1',
  `tdosage_remark` varchar(20) DEFAULT NULL
) ENGINE=InnoDB DEFAULT CHARSET=latin1;

--
-- Déchargement des données de la table `tdosage_en`
--

INSERT INTO `tdosage_en` (`tdosage_id`, `tdosage_abb`, `tdosage_desc`, `tdosage_status`, `tdosage_remark`) VALUES
(1, 'cap', 'oral solid/capsule', '1', ''),
(2, 'gel', 'oral solid/gel', '1', ''),
(3, 'tab', 'oral solid/tablet', '1', ''),
(4, 'syr', 'oral liquid/syrup', '1', ''),
(5, 'susp', 'oral liquid/suspension', '1', ''),
(6, 'vial', 'injectable/vial', '1', ''),
(7, '', 'injectable/bottle', '1', NULL),
(8, 'imp', 'implant', '1', ''),
(9, 'iud', 'iud', '1', ''),
(10, 'foam', 'foam', '1', ''),
(11, 'pes', 'pessary', '1', ''),
(12, 'supp', 'suppository', '1', ''),
(13, 'pow', 'powder', '1', NULL),
(999, 'n/a', 'N/A', '1', NULL),
(9999, '', 'Dummy/Neant', '1', NULL);

-- --------------------------------------------------------

--
-- Structure de la table `tdosage_fr`
--

CREATE TABLE `tdosage_fr` (
  `tdosage_id` smallint(3) NOT NULL,
  `tdosage_abb` char(4) NOT NULL,
  `tdosage_desc` varchar(40) NOT NULL,
  `tdosage_status` char(1) NOT NULL DEFAULT '1',
  `tdosage_remark` varchar(20) DEFAULT NULL
) ENGINE=InnoDB DEFAULT CHARSET=latin1;

--
-- Déchargement des données de la table `tdosage_fr`
--

INSERT INTO `tdosage_fr` (`tdosage_id`, `tdosage_abb`, `tdosage_desc`, `tdosage_status`, `tdosage_remark`) VALUES
(1, 'cap', 'oral solide/capsule', '1', ''),
(2, 'gel', 'oral solid/gelule', '1', ''),
(3, 'comp', 'oral solid/comprime', '1', ''),
(4, 'sir', 'oral liquid/sirop', '1', ''),
(5, 'susd', 'suspension buvable', '1', ''),
(6, 'amp', 'injectable/ampoule', '1', ''),
(7, 'flac', 'injectable/flacon', '1', ''),
(8, 'imp', 'implant', '1', ''),
(9, 'dui', 'dui', '1', ''),
(10, 'crem', 'creme', '1', ''),
(11, 'pv', 'gelule gynecologique', '1', ''),
(12, 'supp', 'suppositoire', '1', ''),
(13, 'poud', 'poudre', '1', NULL),
(999, 'n/a', 'N/A', '1', NULL),
(9999, '', 'Dummy/Neant', '1', NULL);

-- --------------------------------------------------------

--
-- Structure de la table `tecowas`
--

CREATE TABLE `tecowas` (
  `tecowas_id` char(3) NOT NULL DEFAULT '',
  `tecowas_desc` char(40) NOT NULL DEFAULT '',
  `tecowas_status` char(1) NOT NULL DEFAULT '1',
  `tecowas_remark` char(40) DEFAULT NULL
) ENGINE=InnoDB DEFAULT CHARSET=latin1;

--
-- Déchargement des données de la table `tecowas`
--

INSERT INTO `tecowas` (`tecowas_id`, `tecowas_desc`, `tecowas_status`, `tecowas_remark`) VALUES
('BEN', 'Benin', '1', 'BEN'),
('BFA', ' Burkina Faso', '1', ' BFA'),
('CIV', ' Côte d\'Ivoire', '1', ' CIV'),
('CPV', ' Cap-Vert', '1', 'CPV'),
('GHA', ' Ghana', '1', ' GHA'),
('GIN', ' Guinée', '1', ' GIN'),
('GMB', ' Gambie', '1', ' GMB'),
('GNB', ' Guinée-Bissau', '1', ' GNB'),
('LIB', 'Liberia', '1', 'LIB'),
('MLI', ' Mali', '1', ' MLI'),
('NER', ' Niger', '1', ' NER'),
('NGA', ' Nigéria', '1', ' NGA'),
('SEN', ' Sénégal', '1', ' SEN'),
('SLE', ' Sierra Leone', '1', ' SLE'),
('TGO', ' Togo', '1', ' TGO');

-- --------------------------------------------------------

--
-- Structure de la table `tecowas_en`
--

CREATE TABLE `tecowas_en` (
  `tecowas_id` char(3) CHARACTER SET latin1 NOT NULL DEFAULT '',
  `tecowas_desc` char(40) CHARACTER SET latin1 NOT NULL DEFAULT '',
  `tecowas_status` char(1) CHARACTER SET latin1 NOT NULL DEFAULT '1',
  `tecowas_remark` char(40) CHARACTER SET latin1 DEFAULT NULL
) ENGINE=InnoDB DEFAULT CHARSET=utf16 COLLATE=utf16_bin;

--
-- Déchargement des données de la table `tecowas_en`
--

INSERT INTO `tecowas_en` (`tecowas_id`, `tecowas_desc`, `tecowas_status`, `tecowas_remark`) VALUES
('BEN', 'Benin', '1', 'BEN'),
('BFA', ' Burkina Faso', '1', ' BFA'),
('CIV', ' Côte d\'Ivoire', '1', ' CIV'),
('CPV', ' Cap-Vert', '1', 'CPV'),
('GHA', ' Ghana', '1', ' GHA'),
('GIN', ' Guinée', '1', ' GIN'),
('GMB', ' Gambie', '1', ' GMB'),
('GNB', ' Guinée-Bissau', '1', ' GNB'),
('LIB', 'Liberia', '1', 'LIB'),
('MLI', ' Mali', '1', ' MLI'),
('NER', ' Niger', '1', ' NER'),
('NGA', ' Nigéria', '1', ' NGA'),
('SEN', ' Sénégal', '1', ' SEN'),
('SLE', ' Sierra Leone', '1', ' SLE'),
('TGO', ' Togo', '1', ' TGO');

-- --------------------------------------------------------

--
-- Structure de la table `tecowas_fr`
--

CREATE TABLE `tecowas_fr` (
  `tecowas_id` char(3) CHARACTER SET latin1 NOT NULL DEFAULT '',
  `tecowas_desc` char(40) CHARACTER SET latin1 NOT NULL DEFAULT '',
  `tecowas_status` char(1) CHARACTER SET latin1 NOT NULL DEFAULT '1',
  `tecowas_remark` char(40) CHARACTER SET latin1 DEFAULT NULL
) ENGINE=InnoDB DEFAULT CHARSET=utf16 COLLATE=utf16_bin;

--
-- Déchargement des données de la table `tecowas_fr`
--

INSERT INTO `tecowas_fr` (`tecowas_id`, `tecowas_desc`, `tecowas_status`, `tecowas_remark`) VALUES
('BEN', 'Benin', '1', 'BEN'),
('BFA', ' Burkina Faso', '1', ' BFA'),
('CIV', ' Côte d\'Ivoire', '1', ' CIV'),
('CPV', ' Cap-Vert', '1', 'CPV'),
('GHA', ' Ghana', '1', ' GHA'),
('GIN', ' Guinée', '1', ' GIN'),
('GMB', ' Gambie', '1', ' GMB'),
('GNB', ' Guinée-Bissau', '1', ' GNB'),
('LIB', 'Liberia', '1', 'LIB'),
('MLI', ' Mali', '1', ' MLI'),
('NER', ' Niger', '1', ' NER'),
('NGA', ' Nigéria', '1', ' NGA'),
('SEN', ' Sénégal', '1', ' SEN'),
('SLE', ' Sierra Leone', '1', ' SLE'),
('TGO', ' Togo', '1', ' TGO');

-- --------------------------------------------------------

--
-- Structure de la table `tincoterm`
--

CREATE TABLE `tincoterm` (
  `tinco_id` char(3) NOT NULL,
  `tinco_desc` varchar(40) DEFAULT NULL,
  `tinco_status` char(1) DEFAULT NULL,
  `tinco_remark` varchar(20) DEFAULT NULL
) ENGINE=InnoDB DEFAULT CHARSET=latin1;

--
-- Déchargement des données de la table `tincoterm`
--

INSERT INTO `tincoterm` (`tinco_id`, `tinco_desc`, `tinco_status`, `tinco_remark`) VALUES
('CIB', 'CIB', '1', ''),
('CIF', 'CIF', '1', ''),
('CIP', 'CIP', '1', NULL),
('DDP', 'DDP', '1', ''),
('DDU', 'DDU', '1', ''),
('FOB', 'FOB', '1', '');

-- --------------------------------------------------------

--
-- Structure de la table `tmanufacturer`
--

CREATE TABLE `tmanufacturer` (
  `tmanu_id` int(5) NOT NULL,
  `tmanu_coun_id` char(3) NOT NULL DEFAULT '',
  `tmanu_desc` varchar(40) DEFAULT NULL COMMENT 'Manufacturer name\r\n',
  `tmanu_adr` varchar(40) DEFAULT NULL,
  `tmanu_postal` varchar(30) DEFAULT NULL,
  `tmanu_fax` varchar(20) DEFAULT NULL,
  `tmanu_tel1` varchar(20) DEFAULT NULL,
  `tmanu_tel2` varchar(20) DEFAULT NULL,
  `tmanu_email` varchar(20) DEFAULT NULL,
  `tmanu_website` varchar(20) DEFAULT NULL,
  `tmanu_cont` varchar(30) DEFAULT NULL,
  `tmanu_remark` varchar(80) DEFAULT NULL,
  `tmanu_status` char(1) DEFAULT NULL
) ENGINE=InnoDB DEFAULT CHARSET=latin1 COMMENT='Manufacturers table';

--
-- Déchargement des données de la table `tmanufacturer`
--

INSERT INTO `tmanufacturer` (`tmanu_id`, `tmanu_coun_id`, `tmanu_desc`, `tmanu_adr`, `tmanu_postal`, `tmanu_fax`, `tmanu_tel1`, `tmanu_tel2`, `tmanu_email`, `tmanu_website`, `tmanu_cont`, `tmanu_remark`, `tmanu_status`) VALUES
(1, 'FRA', 'Glaxo France', 'Platz, 34', '2545', '+3155555', '+316666', NULL, 'austria@mail.aut', 'www.glaxo', 'MUTARA', 'Test remarque', '1'),
(2, 'FRA', 'ROCHE FRANCE', 'Rue de la guerison', '55', '55', '55', '55', 'mail france', 'Web site', 'Mr Roche France', 'Remark Roche France', '1'),
(3, 'FRA', 'PARIS MEDICAMENT', 'Rue Paris medicament', '92000', '5465456', '546456456', '456456456456', 'mail paris@france', 'Web site Paris', 'Mr Parisien', 'Remark Parisien', '1'),
(4, 'BEL', 'Jansen Fabricant', 'Rue de Bosnie', '1060', '+32 2 58789', '+32 2 565555', '+32 555555', 'mail belge', 'www.jensens.be', 'Mrs Nouwens', 'Remark bruxellois', '1'),
(10, 'DNK', 'IDA AIDS', 'Rue de Danemark', '12345', '355555', '366666', '6333333', 'dnk@yahoo.com', 'www.dnk.dk', 'La Danoise', NULL, '1'),
(11, 'IND', 'RANBAXY', 'Rue de l\'inde', '2222223', '53333', '33333', '4554564654', 'ind@hotmail.com', '', '', NULL, '1'),
(12, 'IND', 'STRIDES ARCOLAB', 'Inde Avenue', '1050', '554477889', '5578996', '', 'ranbaxy@hotmail.com', 'www.ranbaxy.com', 'Mme Ghandi RJAVANDI', NULL, '1'),
(13, 'IND', 'EMCURE', 'rue le lemcure', '106', '555555', '11111111', '222222222', 'emcure@yahoo.com', 'www.emcure@yahoo.fr', 'Mr DIDAJVA', NULL, '1'),
(14, 'FRA', 'BRISTOL MYERS SQUIBS', 'Rue de Bristol', '2222', '22221', '32121', '1', 'bristol@yahoo.fr', '', 'Mr DUPONT', NULL, '1'),
(15, 'ZAF', 'ABBOTT', 'rue du Lesotho', '12345', '21456987', '21445569', '21050455', 'arbott@yoyo.sa', '', 'Mandela', NULL, '1'),
(16, 'IND', 'HETERO DRUGS', 'Rue de lhetero', 'Bp 154', '54654654', '11225544', '2255774', 'hetero@gozo.org', 'www.hetero.com', 'Mr HETERO', NULL, '1'),
(17, 'IND', 'AUROBINDO', 'AUROBINDO STREET', NULL, NULL, NULL, NULL, NULL, NULL, NULL, 'Pour le Mali', '1'),
(18, 'IND', 'CIPLA', NULL, NULL, NULL, NULL, NULL, NULL, NULL, NULL, 'pour MALI', '1'),
(19, 'IND', 'CIPLA-GAOTE SITE', NULL, NULL, NULL, NULL, NULL, NULL, NULL, NULL, NULL, '1'),
(20, 'FRA', 'Sanofi Pasteur', NULL, NULL, NULL, NULL, NULL, NULL, NULL, NULL, NULL, '1'),
(21, 'BRA', 'Lafupe', NULL, NULL, NULL, NULL, NULL, NULL, NULL, NULL, NULL, '1'),
(22, 'BRA', 'Farmanguinhos (Fiocruz)', NULL, NULL, NULL, NULL, NULL, NULL, NULL, NULL, NULL, '1'),
(23, 'BRA', 'Iquego', NULL, NULL, NULL, NULL, NULL, NULL, NULL, NULL, NULL, '1'),
(24, 'BRA', 'Lifal', NULL, NULL, NULL, NULL, NULL, NULL, NULL, NULL, NULL, '1'),
(25, 'IND', 'Cipla Patalganga', NULL, NULL, NULL, NULL, NULL, NULL, NULL, NULL, NULL, '1'),
(26, 'SWZ', 'Roche', NULL, NULL, NULL, NULL, NULL, NULL, NULL, NULL, NULL, '1'),
(27, 'GBR', 'GlaxoSmithKline Ltd. ', NULL, NULL, NULL, NULL, NULL, NULL, NULL, NULL, NULL, '1'),
(28, 'NLD', 'Merck Sharp & Dohme ', NULL, NULL, NULL, NULL, NULL, NULL, NULL, NULL, NULL, '1'),
(29, 'USA', 'Gilead Sciences Inc ', NULL, NULL, NULL, NULL, NULL, NULL, NULL, NULL, NULL, '1'),
(30, 'DEU', 'Schering ', NULL, NULL, NULL, NULL, NULL, NULL, NULL, NULL, NULL, '1'),
(31, 'SWZ', 'Hoffman La Roche ', NULL, NULL, NULL, NULL, NULL, NULL, NULL, NULL, NULL, '1'),
(32, 'CAN', 'GlaxoSmithKline ', NULL, NULL, NULL, NULL, NULL, NULL, NULL, NULL, NULL, '1'),
(33, 'IND', 'GlaxoSmithKline ', NULL, NULL, NULL, NULL, NULL, NULL, NULL, NULL, NULL, '1'),
(34, 'USA', 'Abbott Laboratories Ltd. ', NULL, NULL, NULL, NULL, NULL, NULL, NULL, NULL, NULL, '1'),
(35, 'CHN', 'Qingdao D,Butterfly,GO  ', NULL, NULL, NULL, NULL, NULL, NULL, NULL, NULL, NULL, '1'),
(36, 'BEL', 'Pharmacia N./V./SA ', NULL, NULL, NULL, NULL, NULL, NULL, NULL, NULL, NULL, '1'),
(37, 'DEU', 'SCHERING ', NULL, NULL, NULL, NULL, NULL, NULL, NULL, NULL, NULL, '1'),
(38, 'IND', 'PREGNA Interntional LTD ', NULL, NULL, NULL, NULL, NULL, NULL, NULL, NULL, NULL, '1'),
(39, 'SWZ', 'Novartis', NULL, NULL, NULL, NULL, NULL, NULL, NULL, NULL, NULL, '1'),
(40, 'USA', 'Bristol-Myers Squibb ', NULL, NULL, NULL, NULL, NULL, NULL, NULL, NULL, NULL, '1'),
(41, 'FRA', 'Aventis Pasteur', NULL, NULL, NULL, NULL, NULL, NULL, NULL, NULL, NULL, '1'),
(42, 'FRA', 'C.S.P', NULL, NULL, NULL, NULL, NULL, NULL, NULL, NULL, NULL, '1'),
(43, 'BRA', 'Multi-G', 'Lange Leemstraat 166', '2018 Antwerpen', '+32 3 218 42 24', '+32 3 218 42 23', NULL, 'gady.zohori@multi-m.', NULL, 'Mme Isabelle FALLON', NULL, '1'),
(44, 'IND', 'IPCA Laboratories', 'International House 48, Kandivi Industri', 'MumbaI 400 067', '+91 22 2 8686613', '+91 22 564744444', NULL, 'ipca@ind', 'www.ipcalabs.com', NULL, NULL, '1'),
(45, 'GHA', 'Phytoriker', 'Mile 7, Off Accra North', 'P.O Box 5266 Ac', '+233 21 400998', '+233 21 410236/8', NULL, NULL, NULL, 'Mr Michael O. AJAYI,', NULL, '1'),
(46, 'IND', 'NESTOR PHARMACEUTICALS', 'GL-5, Ashoka', 'NEW DELHI', '91-011-3314812', NULL, NULL, 'nestori@bol.net.in', NULL, 'Mr P.K CHAUDHRY', NULL, '1'),
(47, 'EGY', 'Holding Company', '12, Waked, Le Caire, Egypte - 1, place d', 'BP 2078 CAIRO', '59 16 866', '59 16 866', NULL, 'exportdhc@drugholdin', NULL, 'Dr, Nahed ROUSHDY FAHIM', NULL, '1'),
(48, 'IND', 'PURE PHARMA LTD', '41-42 & çç Industrial Estate Pologround ', '452 015', '+91 71 2420605', '+91731 2420601/2/3', NULL, NULL, NULL, 'Mr M.K. SESHADRI', NULL, '1'),
(49, 'IND', 'Matrix Laboratories Limited', 'F4&F12 midc Malegaon Sunnar', 'Nashik', '422113 Maharashtra', NULL, NULL, NULL, NULL, NULL, NULL, '1'),
(50, 'NGA', 'May and Baker Plc', '3/5 Sapara street Industrial estate, Ike', NULL, NULL, NULL, NULL, NULL, NULL, NULL, NULL, '1'),
(51, 'NGA', 'Fidson Healthcare Ltd', '6, Ilupeju By pass, Ilupeju Lagos, Niger', 'P.O Box 7210, Shomolu, Lagos', '+234 1 4930841/ 4960', '+234 1 4933319', '+234 1 4976171', 'sales@fidson.com', 'www.fidson.com', NULL, NULL, '1'),
(52, 'NGA', 'Fidson Healthcare Plc', '6,Ilupeju By-Pass, LLupeju, Lagos', 'P.O Box 7210 Shomolu, Lagos', '+234 493331', NULL, NULL, 'info@fidson.com', NULL, NULL, NULL, '1'),
(53, 'NGA', 'Ranbaxy Nigeria Limited', '1st floor Abimbola House street, Ilasama', 'P.O Box 4452 Ikeja, Lagos, Nig', '+234 1 4526371 / 472', '+234 1 4527094', NULL, 'information@ranbaxyn', 'www.ranbaxy.com', NULL, NULL, NULL),
(54, 'GBR', 'Klyeth Pharmaceuticals', NULL, NULL, NULL, NULL, NULL, NULL, NULL, NULL, NULL, '1'),
(55, 'DEU', 'Bayer Schering Pharma ', NULL, NULL, NULL, NULL, NULL, NULL, NULL, NULL, NULL, '1'),
(56, 'DEU', 'Helm Pharmaceuticals GMBH', NULL, NULL, NULL, NULL, NULL, NULL, NULL, NULL, NULL, '1'),
(57, 'USA', 'EISA Company Limited', NULL, NULL, NULL, NULL, NULL, NULL, NULL, NULL, NULL, '1'),
(58, 'IND', 'Serum institute of India', NULL, NULL, NULL, NULL, NULL, NULL, NULL, NULL, NULL, '1'),
(59, 'IDN', 'Bio-Pharma Ltd ', NULL, NULL, NULL, NULL, NULL, NULL, NULL, NULL, NULL, '1'),
(60, 'IND', 'Gland Pharma Ltd', NULL, NULL, NULL, NULL, NULL, NULL, NULL, NULL, NULL, '1'),
(61, 'CHN', 'Nanjing Beijingu Pharmaceutical ', NULL, NULL, NULL, NULL, NULL, NULL, NULL, NULL, NULL, '1'),
(62, 'IND', 'Hesthy life Pharmaceutical Pvt Ltd', NULL, NULL, NULL, NULL, NULL, NULL, NULL, NULL, NULL, '1'),
(998, 'USA', 'UNKNOWN FOR UN AGENCY', NULL, NULL, NULL, NULL, NULL, NULL, NULL, NULL, 'Dummy for UN', '1'),
(999, 'BFA', 'Unknown', 'N/A', NULL, NULL, NULL, NULL, NULL, NULL, NULL, 'Dummy Manufactuer', '1'),
(1000, 'BFA', 'UNKNOWN', NULL, NULL, NULL, NULL, NULL, NULL, NULL, NULL, 'Dummy Manufacturer', '1');

-- --------------------------------------------------------

--
-- Structure de la table `tmanufacturers`
--

CREATE TABLE `tmanufacturers` (
  `tmanu_id` int(3) NOT NULL,
  `tmanu_coun_id` char(3) NOT NULL DEFAULT '',
  `tmanu_desc` varchar(40) DEFAULT NULL COMMENT 'Manufacturer name\r\n',
  `tmanu_adr` varchar(40) DEFAULT NULL,
  `tmanu_postal` varchar(15) DEFAULT NULL,
  `tmanu_fax` varchar(20) DEFAULT NULL,
  `tmanu_tel1` varchar(20) DEFAULT NULL,
  `tmanu_tel2` varchar(20) DEFAULT NULL,
  `tmanu_email` varchar(20) DEFAULT NULL,
  `tmanu_website` varchar(20) DEFAULT NULL,
  `tmanu_cont` varchar(20) DEFAULT NULL,
  `tmanu_remark` varchar(20) DEFAULT NULL,
  `tmanu_status` char(1) DEFAULT NULL
) ENGINE=InnoDB DEFAULT CHARSET=latin1 COMMENT='Manufacturers table';

--
-- Déchargement des données de la table `tmanufacturers`
--

INSERT INTO `tmanufacturers` (`tmanu_id`, `tmanu_coun_id`, `tmanu_desc`, `tmanu_adr`, `tmanu_postal`, `tmanu_fax`, `tmanu_tel1`, `tmanu_tel2`, `tmanu_email`, `tmanu_website`, `tmanu_cont`, `tmanu_remark`, `tmanu_status`) VALUES
(1, 'FRA', 'Glaxo France', 'Platz, 34', '2545', '+3155555', '+316666', NULL, 'austria@mail.aut', 'www.glaxo', 'MUTARA', 'Test remarque', '1'),
(2, 'FRA', 'ROCHE FRANCE', 'Rue de la guerison', '55', '55', '55', '55', 'mail france', 'Web site', 'Mr Roche France', 'Remark Roche France', '1'),
(3, 'FRA', 'PARIS MEDICAMENT', 'Rue Paris medicament', '92000', '5465456', '546456456', '456456456456', 'mail paris@france', 'Web site Paris', 'Mr Parisien', 'Remark Parisien', '1'),
(4, 'BEL', 'Jansen Fabricant', 'Rue de Bosnie', '1060', '+32 2 58789', '+32 2 565555', '+32 555555', 'mail belge', 'www.jensens.be', 'Mrs Nouwens', 'Remark bruxellois', '1'),
(10, 'DNK', 'IDA AIDS', 'Rue de Danemark', '12345', '355555', '366666', '6333333', 'dnk@yahoo.com', 'www.dnk.dk', 'La Danoise', NULL, '1'),
(11, 'IND', 'RANBAXY', 'Rue de l\'inde', '2222223', '53333', '33333', '4554564654', 'ind@hotmail.com', '', '', NULL, '1'),
(12, 'IND', 'STRIDES ARCOLAB', 'Inde Avenue', '1050', '554477889', '5578996', '', 'ranbaxy@hotmail.com', 'www.ranbaxy.com', 'Mme Ghandi RJAVANDI', NULL, '1'),
(13, 'IND', 'EMCURE', 'rue le lemcure', '106', '555555', '11111111', '222222222', 'emcure@yahoo.com', 'www.emcure@yahoo.fr', 'Mr DIDAJVA', NULL, '1'),
(14, 'FRA', 'BRISTOL MYERS SQUIBS', 'Rue de Bristol', '2222', '22221', '32121', '1', 'bristol@yahoo.fr', '', 'Mr DUPONT', NULL, '1'),
(15, 'ZAF', 'ABBOTT', 'rue du Lesotho', '12345', '21456987', '21445569', '21050455', 'arbott@yoyo.sa', '', 'Mandela', NULL, '1'),
(16, 'IND', 'HETERO DRUGS', 'Rue de lhetero', 'Bp 154', '54654654', '11225544', '2255774', 'hetero@gozo.org', 'www.hetero.com', 'Mr HETERO', NULL, '1'),
(17, 'IND', 'AUROBINCO', 'AUROBINCO STREET', NULL, NULL, NULL, NULL, NULL, NULL, NULL, 'Pour le Mali', '1'),
(18, 'IND', 'CIPLA', NULL, NULL, NULL, NULL, NULL, NULL, NULL, NULL, 'pour MALI', '1'),
(19, 'IND', 'CIPLA-GAOTE SITE', NULL, NULL, NULL, NULL, NULL, NULL, NULL, NULL, NULL, '1'),
(20, 'FRA', 'Sanofi Pasteur', NULL, NULL, NULL, NULL, NULL, NULL, NULL, NULL, NULL, '1'),
(998, 'UN', 'None', NULL, NULL, NULL, NULL, NULL, NULL, NULL, NULL, 'Dummy for UN', '1'),
(999, 'BFA', 'Unknown', 'N/A', NULL, NULL, NULL, NULL, NULL, NULL, NULL, 'Dummy Manufactuer', '1');

-- --------------------------------------------------------

--
-- Doublure de structure pour la vue `tmanuf_country_en_view`
-- (Voir ci-dessous la vue réelle)
--
CREATE TABLE `tmanuf_country_en_view` (
`tmanu_id` int(5)
,`tmanu_desc` varchar(40)
,`tmanu_coun_id` char(3)
,`tcountry_desc` varchar(40)
,`tmanu_adr` varchar(40)
,`tmanu_postal` varchar(30)
,`tmanu_fax` varchar(20)
,`tmanu_tel1` varchar(20)
,`tmanu_tel2` varchar(20)
,`tmanu_email` varchar(20)
,`tmanu_website` varchar(20)
,`tmanu_cont` varchar(30)
,`tmanu_remark` varchar(80)
,`tmanu_status` char(1)
);

-- --------------------------------------------------------

--
-- Doublure de structure pour la vue `tmanuf_country_fr_view`
-- (Voir ci-dessous la vue réelle)
--
CREATE TABLE `tmanuf_country_fr_view` (
`tmanu_id` int(5)
,`tmanu_desc` varchar(40)
,`tmanu_coun_id` char(3)
,`tcountry_desc` varchar(40)
,`tmanu_adr` varchar(40)
,`tmanu_postal` varchar(30)
,`tmanu_fax` varchar(20)
,`tmanu_tel1` varchar(20)
,`tmanu_tel2` varchar(20)
,`tmanu_email` varchar(20)
,`tmanu_website` varchar(20)
,`tmanu_cont` varchar(30)
,`tmanu_remark` varchar(80)
,`tmanu_status` char(1)
);

-- --------------------------------------------------------

--
-- Structure de la table `tpack`
--

CREATE TABLE `tpack` (
  `tpack_id` int(3) NOT NULL,
  `tpack_desc` varchar(40) DEFAULT NULL,
  `tpack_status` char(1) DEFAULT NULL,
  `tpack_remark` varchar(20) DEFAULT NULL
) ENGINE=InnoDB DEFAULT CHARSET=latin1;

--
-- Déchargement des données de la table `tpack`
--

INSERT INTO `tpack` (`tpack_id`, `tpack_desc`, `tpack_status`, `tpack_remark`) VALUES
(1, 'Bottles/flacons', '1', ''),
(2, 'Box/boites', '1', '');

-- --------------------------------------------------------

--
-- Structure de la table `tpack_en`
--

CREATE TABLE `tpack_en` (
  `tpack_id` int(3) NOT NULL,
  `tpack_desc` varchar(40) NOT NULL,
  `tpack_status` char(1) NOT NULL DEFAULT '1',
  `tpack_remark` varchar(20) DEFAULT NULL
) ENGINE=InnoDB DEFAULT CHARSET=latin1;

--
-- Déchargement des données de la table `tpack_en`
--

INSERT INTO `tpack_en` (`tpack_id`, `tpack_desc`, `tpack_status`, `tpack_remark`) VALUES
(1, 'bottle', '1', ''),
(2, 'box', '1', '');

-- --------------------------------------------------------

--
-- Structure de la table `tpack_fr`
--

CREATE TABLE `tpack_fr` (
  `tpack_id` int(3) NOT NULL,
  `tpack_desc` varchar(40) NOT NULL,
  `tpack_status` char(1) NOT NULL DEFAULT '1',
  `tpack_remark` varchar(20) DEFAULT NULL
) ENGINE=InnoDB DEFAULT CHARSET=latin1;

--
-- Déchargement des données de la table `tpack_fr`
--

INSERT INTO `tpack_fr` (`tpack_id`, `tpack_desc`, `tpack_status`, `tpack_remark`) VALUES
(1, 'flacon', '1', ''),
(2, 'boite', '1', '');

-- --------------------------------------------------------

--
-- Structure de la table `tpresent`
--

CREATE TABLE `tpresent` (
  `tpresent_id` int(3) NOT NULL,
  `tpresent_desc` varchar(40) DEFAULT NULL,
  `tpresent_status` char(1) DEFAULT NULL,
  `tpresent_remark` varchar(40) DEFAULT NULL
) ENGINE=InnoDB DEFAULT CHARSET=latin1;

--
-- Déchargement des données de la table `tpresent`
--

INSERT INTO `tpresent` (`tpresent_id`, `tpresent_desc`, `tpresent_status`, `tpresent_remark`) VALUES
(1, 'Blister/blister', '1', ''),
(2, 'Loose/Vrac', '1', ''),
(3, 'Bottles/flacons', '1', NULL);

-- --------------------------------------------------------

--
-- Structure de la table `tpresent_en`
--

CREATE TABLE `tpresent_en` (
  `tpresent_id` int(3) NOT NULL,
  `tpresent_desc` varchar(40) NOT NULL,
  `tpresent_status` char(1) NOT NULL DEFAULT '1',
  `tpresent_remark` varchar(40) DEFAULT NULL
) ENGINE=InnoDB DEFAULT CHARSET=latin1;

--
-- Déchargement des données de la table `tpresent_en`
--

INSERT INTO `tpresent_en` (`tpresent_id`, `tpresent_desc`, `tpresent_status`, `tpresent_remark`) VALUES
(1, 'Blister', '1', ''),
(2, 'Loose', '1', ''),
(3, 'Bottles', '1', NULL);

-- --------------------------------------------------------

--
-- Structure de la table `tpresent_fr`
--

CREATE TABLE `tpresent_fr` (
  `tpresent_id` int(3) NOT NULL,
  `tpresent_desc` varchar(40) NOT NULL,
  `tpresent_status` char(1) NOT NULL DEFAULT '1',
  `tpresent_remark` varchar(40) DEFAULT NULL
) ENGINE=InnoDB DEFAULT CHARSET=latin1;

--
-- Déchargement des données de la table `tpresent_fr`
--

INSERT INTO `tpresent_fr` (`tpresent_id`, `tpresent_desc`, `tpresent_status`, `tpresent_remark`) VALUES
(1, 'blister', '1', ''),
(2, 'vrac', '1', ''),
(3, 'flacon', '1', NULL);

-- --------------------------------------------------------

--
-- Structure de la table `tproduct`
--

CREATE TABLE `tproduct` (
  `tproduct_id` varchar(15) NOT NULL DEFAULT '',
  `tproduct_desc` varchar(60) NOT NULL DEFAULT '',
  `tproduct_brand_name` varchar(20) NOT NULL,
  `tproduct_strength` varchar(10) DEFAULT NULL,
  `tproduct_concent` varchar(10) DEFAULT NULL,
  `tproduct_cat` char(3) DEFAULT NULL,
  `tproduct_status` char(1) DEFAULT NULL,
  `tproduct_remark` varchar(40) DEFAULT NULL
) ENGINE=InnoDB DEFAULT CHARSET=latin1 COMMENT='InnoDB free: 10240 kB';

--
-- Déchargement des données de la table `tproduct`
--

INSERT INTO `tproduct` (`tproduct_id`, `tproduct_desc`, `tproduct_brand_name`, `tproduct_strength`, `tproduct_concent`, `tproduct_cat`, `tproduct_status`, `tproduct_remark`) VALUES
('ABA', 'Abacavir', '', '', '', 'ARV', '1', NULL),
('ABA20', 'Abacavir 20', '', '20', '2', 'ARV', '1', NULL),
('ABA300', 'Abacavir 300', '', '300', '2', 'ARV', '1', NULL),
('ABA300LA150ZI30', 'ABACAVIR300+LAMUVIDINE150+ZIDOVUDINE300', '', '300+150+30', 'mg', 'ARV', '1', NULL),
('ABLAZI', 'Abacavir+Lamuvidine+Zidovudine', '', '', '', 'ARV', '1', NULL),
('AMO', 'Amodiaquine', '', '', '', 'APA', '1', NULL),
('AMOARTE', 'Artesunate+Amodiaquine+', '', '', '', 'APA', '1', NULL),
('AMOARTE200', 'Amodiaquine+Artesunate 200', '', '200', '2', 'APA', '1', NULL),
('ANTH', 'AntiHepatite', '', '', '', 'VAC', '1', NULL),
('ANTIAM', 'Antiamaril', '', '', '', 'VAC', '1', NULL),
('ANTID', 'Anti D', '', '', '', 'SER', '1', NULL),
('ANTIMEN', 'AntiMeningococcique', '', '', '', 'VAC', '1', NULL),
('ANTIR3', 'ANTIR  3', '', '3', '3', 'VAC', '1', NULL),
('ANTIRA', 'Antirabique', '', '', '', 'VAC', '1', NULL),
('ANTIRAS', 'Antirabique', '', '', '', 'SER', '1', NULL),
('ANTITENA', 'Antitetanique', '', '', '', 'SER', '1', NULL),
('ANTITY', 'Antityphoide', '', '', '', 'VAC', '1', NULL),
('ANVENPOLY', 'Antivenimeux Polyvalent', '', '', '', 'SER', '1', NULL),
('ARTMETE', 'Artemether', '', '', '', 'APA', '1', NULL),
('ARTMLUME', 'Artemether+Lumefantrine', '', '', '', 'APA', '1', NULL),
('ARTNATE', 'Artesunate', '', '', '', 'APA', '1', NULL),
('BCG', 'BCG', '', '', '', 'VAC', '1', NULL),
('BENZCHL', 'Benzalkonium Chloride', '', '', '', 'CON', '1', NULL),
('CHLORO', 'Chloroquine', '', '', '', 'APA', '1', NULL),
('CHLORO100', 'Chloroquine 100', '', '100', '2', 'APA', '1', NULL),
('CONDO', 'Condom', '', '', '', 'CON', '1', NULL),
('COPT380A', 'Copper-T 380A', '', '', '', 'CON', '1', NULL),
('CYCLO', 'Cycloserine', '', '', '', 'ATB', '1', NULL),
('DIDA100', 'Didanosine 100', '', '100', '(mg)', 'ARV', '1', NULL),
('DIDA2', 'Didanosine 2', '', '2', '(g)', 'ARV', '1', NULL),
('DIDA200', 'Didanosine 200', '', '200', '(mg)', 'ARV', '1', NULL),
('DIDA25', 'Didanosine 25', '', '25', '(mg)', 'ARV', '1', NULL),
('DIDA250', 'DIDANOSINE 250', '', '250', 'mg', 'ARV', '1', NULL),
('DIDA400', 'Didanosine 400', '', '400', '(mg)', 'ARV', '1', NULL),
('DTC', 'DTC', '', '', '', 'VAC', '1', NULL),
('DTCHEPB', 'DTC+Hepatite B', '', '', '', 'VAC', '1', NULL),
('EFAV200', 'Efavirenz 200', '', '200', '(mg)', 'ARV', '1', NULL),
('EFAV600', 'Efavirenz 600', '', '600', '(mg)', 'ARV', '1', NULL),
('ETHAM', 'Ethambutol', '', '', '', 'ATB', '1', NULL),
('ETHEST', 'Ethinyl estradiol', '', '', '', 'CON', '1', NULL),
('ETHIO', 'Ethionamide', '', '', '', 'ATB', '1', NULL),
('INDI400', 'Indinavir 400', '', '400', '(mg)', 'ARV', '1', NULL),
('ISOETH', 'Isoniazide+Ethambutol', '', '', '', 'ATB', '1', NULL),
('ISOETH525', 'Isoniazide+Ethambutol 525', '', '525', '(mg)', 'ATB', '1', NULL),
('ISOETH550', 'Isoniazide+Ethambutol 550', '', '550', '2', 'ATB', '1', NULL),
('ISONIA', 'Isoniazide', '', '', '', 'ATB', '1', NULL),
('ISORIF', 'Isoniazide+Rifampicine', '', '', '', 'ATB', '1', NULL),
('ISORIF450', 'Isoniazide+Rifampicine 450', '', '450', '2', 'ATB', '1', NULL),
('ISORIFPYR', 'Isoniazide+Rifampicine+Pyrazinamide', '', '', '', 'ATB', '1', NULL),
('KANAM', 'Kanamycine', '', '', '', 'ATB', '1', NULL),
('LAMU10', 'Lamuvidine 10', '', '10', '2', 'ARV', '1', NULL),
('LAMU150', 'Lamuvidine 150', '', '150', '(mg)', 'ARV', '1', NULL),
('LEV', 'Levonorgestrel', '', '', '', 'CON', '1', NULL),
('LEV30', 'Levonorgestrel 30', '', '30', '4', 'CON', '1', NULL),
('LEVETHEST', 'Levonorgestrel+Ethinyl estradiol', '', '', '', 'CON', '1', NULL),
('LO133RI33', 'Lopinavir+Ritonavir 133,33+33,3', '', '133,33+33,', '2', 'ARV', '1', NULL),
('LO200RI150', 'Lopinavir+Ritonavir 200+150', '', '200+150', '2', 'ARV', '1', NULL),
('LO200RI50', 'Lopinavir+Ritonavir 200+50', '', '200+50', '2', 'ARV', '1', NULL),
('LORI', 'Lopinavir+Ritonavir', '', '', '', 'ARV', '1', NULL),
('LYNEST', 'Lynestrenol', '', '', '', 'CON', '1', NULL),
('MEDRO', 'Medroxyprogesterone Acetate', '', '', '', 'CON', '1', NULL),
('MEDRO150', 'Medroxyprogesterone Acetate 150', '', '150', '2', 'CON', '1', NULL),
('NELFI250', 'Nelfinavir 250', '', '250', '(mg)', 'ARV', '1', NULL),
('NELFI50', 'Nelfinavir 50', '', '50', '2', 'ARV', '1', NULL),
('NEVI200', 'Nevirapine 200', '', '200', '(mg)', 'ARV', '1', NULL),
('NOETHES', 'Norgestrel+Ethinyl estradiol', '', '', '', 'CON', '1', NULL),
('NOETHES330', 'Norethisterone+Ethinyl estradiol 330', '', '330', '(mg)', 'CON', '1', NULL),
('NOGES', 'Norgestrel', '', '', '', 'CON', '1', NULL),
('NORETH', 'Norethisterone', '', '', '', 'CON', '1', NULL),
('NORETH200', 'Norethisterone 200', '', '200', '2', 'CON', '1', NULL),
('OFLOX', 'Ofloxacine', '', '', '', 'ATB', '1', NULL),
('PARAMINO', 'Para-aminosalicylique', '', '', '', 'ATB', '1', NULL),
('PYRA', 'Pyrazinamide', '', '', '', 'ATB', '1', NULL),
('PYRAZI500', 'Pyrazinamide 500', '', '500', '2', 'ATB', '1', NULL),
('QUIN', 'Quinine', '', '', '', 'APA', '1', NULL),
('QUIN300', 'Quinine 300', '', '300', '2', 'APA', '1', NULL),
('RIFAM', 'Rifampicine', '', '', '', 'ATB', '1', NULL),
('RIFISOETHPYR', 'Rifampicine+Isoniazide+Ethambutol+Pyrazinamide', '', '', '', 'ATB', '1', NULL),
('RIFISOETHPYR900', 'Rifampicine+Isoniazide+Ethambutol+Pyrazinamide 900', '', '900', '(mg)', 'ATB', '1', NULL),
('RIFISONETH', 'Rifampicine+Isoniazide+Ethambutol', '', '', '', 'ATB', '1', NULL),
('RISOETHPYR900', 'Rifampicine+Isoniazide+Ethambutol+Pyrazinamide 900', '', '900', '2', 'APA', '1', NULL),
('RITO', 'Ritonavir', '', '', '', 'ARV', '1', NULL),
('RITO100', 'Ritonavir 100', '', '100', '2', 'ARV', '1', NULL),
('SAQUI', 'Saquinavir', '', '', '', 'ARV', '1', NULL),
('SAQUI200', 'Saquinavir 200', '', '200', '2', 'ARV', '1', NULL),
('STA133', 'Stavudine 133', '', '133', '2', 'ARV', '1', NULL),
('STA30NE200LA150', 'Stavudine+Nevirapine+Lamuvidine 30+200+150', '', '30+200+150', '2', 'ARV', '1', NULL),
('STA40LA150', 'Stavudine40+Lamuvidine150', '', '40', '2', 'ARV', '1', NULL),
('STA40NE200LA150', 'Stavudine+Nevirapine+Lamuvidine 40+200+150', '', '40+200+150', '2', 'ARV', '1', NULL),
('STALA', 'Stavudine+Lamuvidine', '', '', '', 'ARV', '1', NULL),
('STANELA', 'Stavudine+Nevirapine+Lamuvidine', '', '', '', 'ARV', '1', NULL),
('STAV1', 'Stavudine 1', '', '1', '(mg/ml)', 'ARV', '1', NULL),
('STAV30', 'Stavudine 30', '', '30', '(mg)', 'ARV', '1', NULL),
('STAV40', 'Stavudine 40', '', '40', '(mg)', 'ARV', '1', NULL),
('STREPTO', 'Streptomycine', '', '', '', 'ATB', '1', NULL),
('STREPTO1', ' Streptomycine 1', '', '1', '2', 'ATB', '1', NULL),
('SULFAPYR', 'Sulfadoxine+Pyrimethamine', '', '', '', 'APA', '1', NULL),
('SULFAPYR525', 'Sulfadoxine+Pyrimethamine 525', '', '525', '2', 'APA', '1', NULL),
('TENO', 'Tenofovir', '', '', '', 'ARV', '1', NULL),
('TENO2', 'Tenofovir 2', '', '2', '2', 'ARV', '1', NULL),
('TENO300', 'Tenofovir 300', '', '300', '2', 'ARV', '1', NULL),
('VAR', 'VAR', '', '', '', 'VAC', '1', NULL),
('VAT', 'VAT', '', '', '', 'VAC', '1', NULL),
('VPO', 'VPO', '', '', '', 'VAC', '1', NULL),
('ZI300LA150', 'Zidovudine+Lamuvidine 300+150', '', '300+150', '(mg)', 'ARV', '1', NULL),
('ZIDO10', 'Zidovudine 10', '', '10', '(mg/ml)', 'ARV', '1', NULL),
('ZIDO100', 'Zidovudine 100', '', '100', '(mg)', 'ARV', '1', NULL),
('ZIDO300', 'Zidovudine 300', '', '300', '(mg)', 'ARV', '1', NULL),
('ZILANE', 'Zidovudine+Lamuvidine+Nevirapine', '', '', '', 'ARV', '1', NULL);

-- --------------------------------------------------------

--
-- Structure de la table `tproduct_en`
--

CREATE TABLE `tproduct_en` (
  `tproduct_id` varchar(30) NOT NULL,
  `tproduct_desc` varchar(120) NOT NULL,
  `tproduct_brand_name` varchar(20) DEFAULT NULL,
  `tproduct_strength` varchar(10) DEFAULT NULL,
  `tproduct_concent` varchar(10) DEFAULT NULL,
  `tproduct_cat` char(3) DEFAULT NULL,
  `tproduct_status` char(1) DEFAULT '1',
  `tproduct_remark` varchar(40) DEFAULT NULL
) ENGINE=InnoDB DEFAULT CHARSET=latin1 COMMENT='InnoDB free: 10240 kB';

--
-- Déchargement des données de la table `tproduct_en`
--

INSERT INTO `tproduct_en` (`tproduct_id`, `tproduct_desc`, `tproduct_brand_name`, `tproduct_strength`, `tproduct_concent`, `tproduct_cat`, `tproduct_status`, `tproduct_remark`) VALUES
('abc100mgo', 'abacavir (ABC) 100mg/5ml oral solution', 'NULL', 'NULL', 'NULL', 'ARV', '1', 'NULL'),
('abc20mgo', 'abacavir (ABC) 20mg/ml oral solution', 'NULL', '20', 'mg/ml', 'ARV', '1', 'NULL'),
('abc300mgt', 'abacavir (ABC) 300mg tablet', 'NULL', 'NULL', 'NULL', 'ARV', '1', 'NULL'),
('amo153mgt', 'amodiaquine 153mg tablet', 'NULL', 'NULL', 'NULL', 'APA', '1', 'NULL'),
('amo200mgt', 'amodiaquine 200mg tablet', 'NULL', 'NULL', 'NULL', 'APA', '1', 'NULL'),
('arte100amo300mg', 'artesunate 100mg+amodiaquine 300mg', NULL, '100+300', 'mg+mg', 'APA', '1', NULL),
('arte50amo150mg', 'artesunate 50mg+amodiaquine 150mg', NULL, '50+150', 'mg+mg', 'APA', '1', NULL),
('arte50mgt', 'artesunate 50mg tablet', 'NULL', 'NULL', 'NULL', 'APA', '1', 'NULL'),
('arte80mg1mlv', 'artemether 80mg/ml in 1-ml ampoule', 'NULL', 'NULL', 'NULL', 'APA', '1', 'NULL'),
('artlum20120mgt', 'artemether 20mg + lumefantrine 120mg tablet', 'NULL', 'NULL', 'NULL', 'APA', '1', 'NULL'),
('bcg', 'BCG vaccine', 'NULL', 'NULL', 'NULL', 'VAC', '1', 'NULL'),
('chl100mgt', 'chloroquine (D) 100mg tablet,', 'NULL', 'NULL', 'NULL', 'APA', '1', 'NULL'),
('chl10mg5ml', 'chloroquine (D) 10mg in 5-ml oral solution', 'NULL', '10*5', 'mg/ml', 'APA', '1', 'NULL'),
('chl150mgt', 'chloroquine (D) 150mg tablet,', 'NULL', 'NULL', 'NULL', 'APA', '1', 'NULL'),
('chl40mg5ml', 'chloroquine (D) 40mg in 5-ml ampoule', 'NULL', 'NULL', 'NULL', 'APA', '1', 'NULL'),
('chl50mg5ml', 'chloroquine (D) 50mg (as phosphate or sulfate)/5ml', 'NULL', 'NULL', 'NULL', 'APA', '1', 'NULL'),
('cond', 'condoms', 'NULL', 'NULL', 'NULL', 'CON', '1', 'NULL'),
('coppdev', 'copper-containing device', 'NULL', 'NULL', 'NULL', 'CON', '1', 'NULL'),
('coppt380', 'Copper T 380-A IUD', 'NULL', 'NULL', 'NULL', 'CON', '1', 'NULL'),
('ddl100mgt', 'didanosine (ddI) 100mg tablet', 'NULL', 'NULL', 'NULL', 'ARV', '1', 'NULL'),
('ddl100o', 'didanosine (ddI) 100mg oral solution', 'NULL', 'NULL', 'NULL', 'ARV', '1', 'NULL'),
('ddl125mgc', 'didanosine (ddI) 125mg capsule', 'NULL', 'NULL', 'NULL', 'ARV', '1', 'NULL'),
('ddl150mgt', 'didanosine (ddI) 150mg tablet', 'NULL', 'NULL', 'NULL', 'ARV', '1', 'NULL'),
('ddl167mgp', 'didanosine (ddI) 167mg powder for oral solution', 'NULL', 'NULL', 'NULL', 'ARV', '1', 'NULL'),
('ddl200mgc', 'didanosine (ddI) 200mg capsule', 'NULL', 'NULL', 'NULL', 'ARV', '1', 'NULL'),
('ddl200mgt', 'didanosine (ddI) 200mg tablet', 'NULL', 'NULL', 'NULL', 'ARV', '1', 'NULL'),
('ddl250mgc', 'didanosine (ddI) 250mg capsule', 'NULL', 'NULL', 'NULL', 'ARV', '1', 'NULL'),
('ddl250mgp', 'didanosine (ddI) 250mg packets', 'NULL', 'NULL', 'NULL', 'ARV', '1', 'NULL'),
('ddl25mgt', 'didanosine (ddI) 25mg tablet', 'NULL', 'NULL', 'NULL', 'ARV', '1', 'NULL'),
('ddl2g', 'didanosine (ddI) 2g', 'NULL', 'NULL', 'NULL', 'ARV', '1', 'NULL'),
('ddl400mgc', 'didanosine (ddI) 400mg capsule', 'NULL', 'NULL', 'NULL', 'ARV', '1', 'NULL'),
('ddl4g', 'didanosine (ddI) 4g', 'NULL', 'NULL', 'NULL', 'ARV', '1', 'NULL'),
('ddl50mgt', 'didanosine (ddI) 50mg tablet', 'NULL', 'NULL', 'NULL', 'ARV', '1', 'NULL'),
('diap', 'diaphragms', 'NULL', 'NULL', 'NULL', 'CON', '1', 'NULL'),
('diph', 'diphtheria vaccine', 'NULL', 'NULL', 'NULL', 'VAC', '1', 'NULL'),
('Dummy', '****************************************************************************************************', 'NULL', 'NULL', 'NULL', 'NUL', '1', 'NULL'),
('efz100mgt', 'efavirenz (EFV or EFZ) 100mg tablet', 'NULL', 'NULL', 'NULL', 'ARV', '1', 'NULL'),
('efz150mgo', 'efavirenz (EFV or EFZ) 150mg/5ml syrup', 'NULL', 'NULL', 'NULL', 'ARV', '1', 'NULL'),
('efz200mgt', 'efavirenz (EFV or EFZ) 200mg tablet', 'NULL', 'NULL', 'NULL', 'ARV', '1', 'NULL'),
('efz30mgo', 'efavirenz (EFV or EFZ) 30mg/ml oral solution', 'NULL', '30', 'mg/ml', 'ARV', '1', 'NULL'),
('efz50mgt', 'efavirenz (EFV or EFZ) 50mg tablet', 'NULL', 'NULL', 'NULL', 'ARV', '1', 'NULL'),
('efz600mgt', 'efavirenz (EFV or EFZ) 600mg tablet', 'NULL', '600', 'mg', 'ARV', '1', 'NULL'),
('eth400iso150mg', 'Ethambutol HCl 400mg + Isoniazide 150mg tablet', '', '400+150', 'mg', 'ATB', '1', 'NULL'),
('etha100mgt', 'ethambutol 100mg(hydrochloride) tablet', 'NULL', 'NULL', 'NULL', 'ATB', '1', 'NULL'),
('etha400mgt', 'ethambutol 400mg(hydrochloride) tablet', 'NULL', 'NULL', 'NULL', 'ATB', '1', 'NULL'),
('ethiest10t', 'ethinylestradiol 10micrograms tablet', 'NULL', 'NULL', 'NULL', 'CON', '1', 'NULL'),
('ethiest50t', 'ethinylestradiol 50micrograms tablet', 'NULL', 'NULL', 'NULL', 'CON', '1', 'NULL'),
('ethilevoT30', 'ethinylestradiol + levonorgestrel tablet, 30micrograms + 1', 'NULL', 'NULL', 'NULL', 'CON', '1', 'NULL'),
('ethilevoT50250', 'ethinylestradiol + norethisterone 35micrograms + 1.0mg ta', 'NULL', 'NULL', 'NULL', 'CON', '1', 'NULL'),
('ethinore35+1t', 'ethinylestradiol + norethisterone 35micrograms + 1.0mg ta', 'NULL', 'NULL', 'NULL', 'CON', '1', 'NULL'),
('hepa', 'hepatitis B vaccine', 'NULL', 'NULL', 'NULL', 'VAC', '1', 'NULL'),
('idv333mgc', 'indinavir (IDV) 333mg capsule', 'NULL', 'NULL', 'NULL', 'ARV', '1', 'NULL'),
('idv400mgc', 'indinavir (IDV) 400mg capsule', 'NULL', 'NULL', 'NULL', 'ARV', '1', 'NULL'),
('infl', 'influenza vaccine', '', 'NULL', 'NULL', 'VAC', '1', 'NULL'),
('isoeth150400mgt', 'isoniazid + ethambutol 150mg + 400mg tablet', 'NULL', 'NULL', 'NULL', 'ATB', '1', 'NULL'),
('ison100mgt', 'isoniazid 100mg tablet', 'NULL', 'NULL', 'NULL', 'ATB', '1', 'NULL'),
('ison300mgt', 'isoniazid 300mg tablet', 'NULL', 'NULL', 'NULL', 'ATB', '1', 'NULL'),
('levo1.5t', 'levonorgestrel 1.5mg', 'NULL', 'NULL', 'NULL', 'CON', '1', 'NULL'),
('levo30t', 'levonorgestrel 30micrograms tablet', 'NULL', 'NULL', 'NULL', 'CON', '1', 'NULL'),
('levo750', 'levonorgestrel 750micrograms (pack of two) tablet', 'NULL', 'NULL', 'NULL', 'CON', '1', 'NULL'),
('levoimp75mg', 'Levonogestrol implant 2*75mg', 'NULL', '2*75', 'mg', 'CON', '1', 'NULL'),
('lmv10mgo', 'Lamivudine 10mg/ml oral solution', 'NULL', '10', 'mg/ml', 'ARV', '1', 'NULL'),
('lmv150mgt', 'Lamivudine 150mg tablet', 'NULL', 'NULL', 'NULL', 'ARV', '1', 'NULL'),
('lmv150stv30nvp200mgt', 'Lamivudine 150+Stavudine 30+Nevirapine 200 mg tablet', 'NULL', '150+30+200', 'mg', 'ARV', '1', 'NULL'),
('lmv150stv40nvp200mgt', 'Lamivudine 150+Stavudine 40+Nevirapine 200 mg tablet', 'NULL', '150+40+200', 'mg', 'ARV', '1', 'NULL'),
('lmv50mgo', 'Lamuvidine 50mg/5ml oral solution', 'NULL', 'NULL', 'NULL', 'ARV', '1', 'NULL'),
('lpv133rit33mgc', 'lopinavir + ritonavir (LPV/r) 133.3mg + 33.3mg capsule', 'NULL', '133.3 + 33', 'mg', 'ARV', '1', 'NULL'),
('lpv200rit50mgc', 'lopinavir + ritonavir (LPV/r) 200mg + 50mg capsule', 'NULL', '200 + 50', 'mg', 'ARV', '1', 'NULL'),
('lpv400rit100mgo', 'lopinavir + ritonavir (LPV/r) 400mg + 100mg/5ml oral solutio', 'NULL', '400 + 100', 'mg+mg/ml', 'ARV', '1', 'NULL'),
('meas', 'measles vaccine', 'NULL', 'NULL', 'NULL', 'VAC', '1', 'NULL'),
('medracet150v', 'medroxyprogesterone acetate (D) depot injection, 150mg/ml in', 'NULL', 'NULL', 'NULL', 'CON', '1', 'NULL'),
('meni', 'meningococcal meningitis vaccine', '', 'NULL', 'NULL', 'VAC', '1', 'NULL'),
('mump', 'mumps vaccine', '', 'NULL', 'NULL', 'VAC', '1', 'NULL'),
('nevi10mgo', 'Nevirapine 10mg/ml vial', 'NULL', '10', 'mg/ml', 'ARV', '1', 'NULL'),
('nevi200mg', 'Nevirapine 200mg/tablet', 'Viramune', '200', 'mg', 'ARV', '1', 'NULL'),
('nevi50mg', 'Nevirapine 50mg/ml vial', 'Viramune', '50', 'mg/ml', 'ARV', '1', 'NULL'),
('nfv250mgt', 'nelfinavir (NFV) 250mg tablet', 'NULL', 'NULL', 'NULL', 'ARV', '1', 'NULL'),
('nfv50mgp', 'nelfinavir (NFV) 50mg/g oral powder', 'NULL', 'NULL', 'NULL', 'ARV', '1', 'NULL'),
('noreena200t', 'norethisterone enantate oily solution, 200mg/ml in 1-ml amp', 'NULL', 'NULL', 'NULL', 'CON', '1', 'NULL'),
('norethi5mgt', 'norethisterone 5mg tablet', 'NULL', 'NULL', 'NULL', 'CON', '1', 'NULL'),
('ofl200mg', 'Oflaxacine 200mg tab-cap', 'NULL', '200', 'mg', 'ATB', '1', 'NULL'),
('ofl400mg', 'Oflaxacine 400mg tab-cap', 'NULL', '400', 'mg', 'ATB', '1', 'NULL'),
('pertu', 'pertussis vaccine', 'NULL', 'NULL', 'NULL', 'VAC', '1', 'NULL'),
('poli', 'poliomyelitis vaccine', 'NULL', 'NULL', 'NULL', 'VAC', '1', 'NULL'),
('pyr25sulf500', 'Pyrimethamine 25mg+Sulfadoxine 500mg', 'NULL', '25+500', 'mg+mg', 'APA', '1', 'NULL'),
('pyra400mgt', 'pyrazinamide 400mg tablet', 'NULL', 'NULL', 'NULL', 'ATB', '1', 'NULL'),
('quin150mgo', 'quinine 150 mg/ml injectable', 'NULL', '150', 'mg/ml', 'APA', '1', 'NULL'),
('quin300mg2ml', 'quinine 300mg (as dihydrochloride)/ml in 2-ml ampoule', 'NULL', 'NULL', 'NULL', 'APA', '1', 'NULL'),
('quin300mgt', 'quinine 300mg (as bisulfate or sulfate) tablet', 'NULL', 'NULL', 'NULL', 'APA', '1', 'NULL'),
('rabi', 'rabies vaccine (inactivated: prepared in cell culture)', '', 'NULL', 'NULL', 'VAC', '1', 'NULL'),
('rfaison150150mgt', 'rifampicin + isoniazid 150mg + 150mg tablet', 'NULL', 'NULL', 'NULL', 'ATB', '1', 'NULL'),
('rfp150iso75eth275mg', 'rifampicin+isoniazid +ethambutol 150mg+75mg+275mg tab-cap', 'NULL', '150+75+275', 'mg', 'ATB', '1', 'NULL'),
('rfp150iso75pyr400mg', 'rifampicin+isoniazid +pyrazinamide 150mg+75mg+400mg tab-cap', 'NULL', '150+75+400', 'mg', 'ATB', '1', 'NULL'),
('rfp60iso30pyr150mg', 'rifampicin+isoniazid +pyrazinamide 60mg+30mg+150mg tab-cap', 'NULL', '60+30+150', 'mg', 'ATB', '1', 'NULL'),
('rfpisoeth150100400t ', 'rifampicine + isoniazide + ethambutol 150mg +100mg + 400mg tab-cap ', NULL, '150 +100 +', 'mg+mg+mg', 'ATB', '1', NULL),
('rfpisopyr150150500mgt', 'rifampicin + isoniazid + pyrazinamide 150mg + 150mg + 500mg', 'NULL', 'NULL', 'NULL', 'ATB', '1', 'NULL'),
('rfpisopyr15075400t', 'rifampicin + isoniazid + pyrazinamide 150mg + 75mg + 400mg t', 'NULL', 'NULL', 'NULL', 'ATB', '1', 'NULL'),
('rfpisopyreth15075400275t', 'rifampicin + isoniazid + pyrazinamide + ethambutol 150mg + 7', 'NULL', 'NULL', 'NULL', 'ATB', '1', 'NULL'),
('rif150iso100mg', 'rifampicine 150mg+isoniazid 100mg tablet', 'NULL', '150+100', 'mg', 'ATB', '1', 'NULL'),
('rifa150mgt', 'rifampicin (D) 150mg tablet', 'NULL', 'NULL', 'NULL', 'ATB', '1', 'NULL'),
('rifa300mgt', 'rifampicin (D) 300mg tablet', 'NULL', 'NULL', 'NULL', 'ATB', '1', 'NULL'),
('rifaison15075mgt', 'rifampicin + isoniazid 150mg + 75mg tablet', 'NULL', 'NULL', 'NULL', 'ATB', '1', 'NULL'),
('rifaison300150mgt', 'rifampicin + isoniazid 300mg + 150mg tablet', 'NULL', 'NULL', 'NULL', 'ATB', '1', 'NULL'),
('rifaison6030mgt', 'rifampicin + isoniazid 60mg + 30mg tablet', 'NULL', 'NULL', 'NULL', 'ATB', '1', 'NULL'),
('rifaison6060mgt', 'rifampicin + isoniazid 60mg + 60mg tablet', 'NULL', 'NULL', 'NULL', 'ATB', '1', 'NULL'),
('rito100mgc', 'ritonavir 100mg capsule', 'NULL', 'NULL', 'NULL', 'ARV', '1', 'NULL'),
('rito400mgo', 'ritonavir 400mg/5ml oral solution', 'NULL', 'NULL', 'NULL', 'ARV', '1', 'NULL'),
('rube', 'rubella vaccine', '', 'NULL', 'NULL', 'VAC', '1', 'NULL'),
('santid', 'Anti D', 'NULL', 'NULL', 'NULL', 'SER', '1', 'NULL'),
('santivenin', 'Anti venin', 'NULL', 'NULL', 'NULL', 'SER', '1', 'NULL'),
('sqv200mgc', 'saquinavir (SQV) 200mg capsule', 'NULL', 'NULL', 'NULL', 'ARV', '1', 'NULL'),
('srabies', 'rabbies serum', 'NULL', 'NULL', 'NULL', 'SER', '1', 'NULL'),
('stetanik', 'Antitetanus serum', 'NULL', 'NULL', 'NULL', 'SER', '1', 'NULL'),
('strep1', 'streptomycin 1g (as sulfate) in vial, powder for injection,', 'NULL', 'NULL', 'NULL', 'ATB', '1', 'NULL'),
('stv15mgc', 'Stavudine15mg capsule', 'NULL', 'NULL', 'NULL', 'ARV', '1', 'NULL'),
('stv1mlp', 'Stavudine 1mg/ml powder for oral solution', 'NULL', 'NULL', 'NULL', 'ARV', '1', 'NULL'),
('stv20mgc', 'Stavudine 20mg capsule', 'NULL', 'NULL', 'NULL', 'ARV', '1', 'NULL'),
('stv30lmv150', 'Stavudine30+Lamidine150 mg tablet', 'NULL', '30+150', 'mg', 'ARV', '1', 'NULL'),
('stv30lmv150nev200', 'Stavudine+Lamivudine+Nevirapine (30+150+200)mg tablet', 'NULL', '30+150+200', 'mg', 'ARV', '1', 'NULL'),
('stv30mgc', 'Stavudine 30mg capsule', 'NULL', 'NULL', 'NULL', 'ARV', '1', 'NULL'),
('stv40lmv150', 'Stavudine40+Lamidine150 mg tablet', 'NULL', '40+150', 'mg', 'ARV', '1', 'NULL'),
('stv40mgc', 'Stavudine 40mg capsule', 'NULL', 'NULL', 'NULL', 'ARV', '1', 'NULL'),
('stv5mlp', 'Stavudine 5mg/5ml powder for oral solution', 'NULL', 'NULL', 'NULL', 'ARV', '1', 'NULL'),
('sul500pyr25', 'Sulfadoxine 500 mg + Pyrimethamine 25 mg tablet', 'NULL', '500+25', 'mg', 'APA', '1', 'NULL'),
('ten300emtr200', 'tenofovir 300mg+emtricitabine 200mg', NULL, '300+200', 'mg+mg', 'ARV', '1', NULL),
('ten300mg', 'Tenofovir disoproxil fum.(TDF) 300 mg tablet', 'NULL', '300', 'mg', 'ARV', '1', 'NULL'),
('teta', 'tetanus vaccine', '', 'NULL', 'NULL', 'VAC', '1', 'NULL'),
('typh', 'typhoid vaccine', '', 'NULL', 'NULL', 'VAC', '1', 'NULL'),
('yelo', 'yellow fever vaccine', '', 'NULL', 'NULL', 'VAC', '1', 'NULL'),
('zdv100cap', 'Zidovudine 100mg capsule', 'NULL', 'NULL', 'NULL', 'ARV', '1', 'NULL'),
('zdv10mgvial', 'Zidovudine 10mg/ml in 20-ml vial solution for IV infusion in', 'NULL', 'NULL', 'NULL', 'ARV', '1', 'NULL'),
('zdv250mgc', 'Zidovudine 250mg capsule', 'NULL', 'NULL', 'NULL', 'ARV', '1', 'NULL'),
('zdv250mgt', 'Zidovudine 250mg tablet', 'NULL', 'NULL', 'NULL', 'ARV', '1', 'NULL'),
('zdv300lmv150', 'Zidovudine300+Lamivudine150 mg tablet', 'NULL', 'NULL', 'NULL', 'ARV', '1', 'NULL'),
('zdv300mgt', 'Zidovudine 300mg tablet', 'NULL', 'NULL', 'NULL', 'ARV', '1', 'NULL'),
('zdv50mgo', 'Zidovudine 50mg/5ml oral solution or syrup,', 'NULL', 'NULL', 'NULL', 'ARV', '1', 'NULL'),
('zdvlmvnvp300150200mgt', 'Zidovudine 300+Lamuvidine 150+Nevirapine 200 mg tablet', 'NULL', 'NULL', 'NULL', 'ARV', '1', 'NULL');

-- --------------------------------------------------------

--
-- Structure de la table `tproduct_fr`
--

CREATE TABLE `tproduct_fr` (
  `tproduct_id` varchar(30) NOT NULL,
  `tproduct_desc` varchar(120) NOT NULL,
  `tproduct_brand_name` varchar(20) DEFAULT NULL,
  `tproduct_strength` varchar(10) DEFAULT NULL,
  `tproduct_concent` varchar(10) DEFAULT NULL,
  `tproduct_cat` char(3) DEFAULT NULL,
  `tproduct_status` char(1) DEFAULT '1',
  `tproduct_remark` varchar(40) DEFAULT NULL
) ENGINE=InnoDB DEFAULT CHARSET=latin1 COMMENT='InnoDB free: 10240 kB';

--
-- Déchargement des données de la table `tproduct_fr`
--

INSERT INTO `tproduct_fr` (`tproduct_id`, `tproduct_desc`, `tproduct_brand_name`, `tproduct_strength`, `tproduct_concent`, `tproduct_cat`, `tproduct_status`, `tproduct_remark`) VALUES
('abc100mgo', 'abacavir (ABC) 100mg/5ml solution buvable', 'NULL', 'NULL', 'NULL', 'ARV', '1', 'NULL'),
('abc20mgo', 'abacavir (ABC) 20mg/ml solution buvable', NULL, '20', 'mg/ml', 'ARV', '1', NULL),
('abc300mgt', 'abacavir (ABC) 300mg comprime', 'NULL', 'NULL', 'NULL', 'ARV', '1', 'NULL'),
('amo153mgt', 'amodiaquine 153mg comprime', 'NULL', 'NULL', 'NULL', 'APA', '1', 'NULL'),
('amo200mgt', 'amodiaquine 200mg comprime', 'NULL', 'NULL', 'NULL', 'APA', '1', 'NULL'),
('arte100amo300mg', 'artesunate 100mg+amodiaquine 300mg', NULL, '100+300', 'mg+mg', 'APA', '1', NULL),
('arte50amo150mg', 'artesunate 50mg+amodiaquine 150mg', NULL, '50+150', 'mg+mg', 'APA', '1', NULL),
('arte50mgt', 'artesunate 50mg comprime', 'NULL', 'NULL', 'NULL', 'APA', '1', 'NULL'),
('arte80mg1mlv', 'artemether 80mg/ml en ampoule 1-ml', 'NULL', 'NULL', 'NULL', 'APA', '1', 'NULL'),
('artlum20120mgt', 'artemether 20mg + lumefantrine 120mg comprime', 'NULL', 'NULL', 'NULL', 'APA', '1', 'NULL'),
('bcg', 'vaccin par le BCG', 'NULL', 'NULL', 'NULL', 'VAC', '1', 'NULL'),
('chl100mgt', 'chloroquine (D) 100mg comprime,', 'NULL', 'NULL', 'NULL', 'APA', '1', 'NULL'),
('chl10mg5ml', 'chloroquine (D) 10mg in 5-ml solution buvable', NULL, '10*5', 'mg/ml', 'APA', '1', NULL),
('chl150mgt', 'chloroquine (D) 150mg comprime,', 'NULL', 'NULL', 'NULL', 'APA', '1', 'NULL'),
('chl40mg5ml', 'chloroquine (D) 40mg en ampoule 5-ml', 'NULL', 'NULL', 'NULL', 'APA', '1', 'NULL'),
('chl50mg5ml', 'chloroquine (D) 50mg (sous forme de sulfate phosphate ou sulfate)/5ml', 'NULL', 'NULL', 'NULL', 'APA', '1', 'NULL'),
('cond', 'preservatifs', 'NULL', 'NULL', 'NULL', 'CON', '1', 'NULL'),
('coppdev', 'copper-containing device', 'NULL', 'NULL', 'NULL', 'CON', '1', 'NULL'),
('coppt380', 'Copper T 380-A IUD', NULL, NULL, NULL, 'CON', '1', NULL),
('ddl100mgt', 'didanosine (ddI) 100mg comprime', 'NULL', 'NULL', 'NULL', 'ARV', '1', 'NULL'),
('ddl100o', 'didanosine (ddI) 100mg solution buvable', 'NULL', 'NULL', 'NULL', 'ARV', '1', 'NULL'),
('ddl125mgc', 'didanosine (ddI) 125mg capsule', 'NULL', 'NULL', 'NULL', 'ARV', '1', 'NULL'),
('ddl150mgt', 'didanosine (ddI) 150mg comprime', 'NULL', 'NULL', 'NULL', 'ARV', '1', 'NULL'),
('ddl167mgp', 'didanosine (ddI) 167mg poudre pour solution buvable', 'NULL', 'NULL', 'NULL', 'ARV', '1', 'NULL'),
('ddl200mgc', 'didanosine (ddI) 200mg capsule', 'NULL', 'NULL', 'NULL', 'ARV', '1', 'NULL'),
('ddl200mgt', 'didanosine (ddI) 200mg comprime', 'NULL', 'NULL', 'NULL', 'ARV', '1', 'NULL'),
('ddl250mgc', 'didanosine (ddI) 250mg capsule', 'NULL', 'NULL', 'NULL', 'ARV', '1', 'NULL'),
('ddl250mgp', 'didanosine (ddI) 250mg packets', 'NULL', 'NULL', 'NULL', 'ARV', '1', 'NULL'),
('ddl25mgt', 'didanosine (ddI) 25mg comprime', 'NULL', 'NULL', 'NULL', 'ARV', '1', 'NULL'),
('ddl2g', 'didanosine (ddI) 2g', 'NULL', 'NULL', 'NULL', 'ARV', '1', 'NULL'),
('ddl400mgc', 'didanosine (ddI) 400mg capsule', 'NULL', 'NULL', 'NULL', 'ARV', '1', 'NULL'),
('ddl4g', 'didanosine (ddI) 4g', 'NULL', 'NULL', 'NULL', 'ARV', '1', 'NULL'),
('ddl50mgt', 'didanosine (ddI) 50mg comprime', 'NULL', 'NULL', 'NULL', 'ARV', '1', 'NULL'),
('diap', 'diaphragme', 'NULL', 'NULL', 'NULL', 'CON', '1', 'NULL'),
('diph', 'vaccin antidiphterique', 'NULL', 'NULL', 'NULL', 'VAC', '1', 'NULL'),
('Dummy', '****************************************************************************************************', 'NULL', 'NULL', 'NULL', 'NUL', '1', 'NULL'),
('efz100mgt', 'efavirenz (EFV or EFZ) 100mg comprime', 'NULL', 'NULL', 'NULL', 'ARV', '1', 'NULL'),
('efz150mgo', 'efavirenz (EFV or EFZ) 150mg/5ml sirop', 'NULL', 'NULL', 'NULL', 'ARV', '1', 'NULL'),
('efz200mgt', 'efavirenz (EFV or EFZ) 200mg comprime', 'NULL', 'NULL', 'NULL', 'ARV', '1', 'NULL'),
('efz30mgo', 'efavirenz (EFV or EFZ) 30mg/ml solution buvable', NULL, '30', 'mg/ml', 'ARV', '1', NULL),
('efz50mgt', 'efavirenz (EFV or EFZ) 50mg comprime', 'NULL', 'NULL', 'NULL', 'ARV', '1', 'NULL'),
('efz600mgt', 'efavirenz (EFV ou EFZ)  600mg  comprime', NULL, '600', 'mg', 'ARV', '1', NULL),
('eth400iso150mg', 'Ethambutol HCl 400mg + Isoniazide 150mg comprime', '', '400+150', 'mg', 'ATB', '1', NULL),
('etha100mgt', 'ethambutol 100mg(hydrochloride) comprime', 'NULL', 'NULL', 'NULL', 'ATB', '1', 'NULL'),
('etha400mgt', 'ethambutol 400mg(hydrochloride) comprime', 'NULL', 'NULL', 'NULL', 'ATB', '1', 'NULL'),
('ethiest10t', 'ethinylestradiol 10micrograms comprime', 'NULL', 'NULL', 'NULL', 'CON', '1', 'NULL'),
('ethiest50t', 'ethinylestradiol 50micrograms comprime', 'NULL', 'NULL', 'NULL', 'CON', '1', 'NULL'),
('ethilevoT30', 'ethinylestradiol + levonorgestrel comprime, 30micrograms + 150micrograms comprime', 'NULL', 'NULL', 'NULL', 'CON', '1', 'NULL'),
('ethilevoT50250', 'ethinylestradiol + norethisterone 35micrograms + 1.0mg comprime', 'NULL', 'NULL', 'NULL', 'CON', '1', 'NULL'),
('ethinore35+1t', 'ethinylestradiol + norethisterone 35micrograms + 1.0mg comprime', 'NULL', 'NULL', 'NULL', 'CON', '1', 'NULL'),
('hepa', 'vaccin anti-hetapite B', 'NULL', 'NULL', 'NULL', 'VAC', '1', 'NULL'),
('idv333mgc', 'indinavir (IDV) 333mg capsule', 'NULL', 'NULL', 'NULL', 'ARV', '1', 'NULL'),
('idv400mgc', 'indinavir (IDV) 400mg capsule', 'NULL', 'NULL', 'NULL', 'ARV', '1', 'NULL'),
('infl', 'vaccin antigrippal', '', 'NULL', 'NULL', 'VAC', '1', 'NULL'),
('isoeth150400mgt', 'isoniazide + ethambutol 150mg + 400mg comprime', 'NULL', 'NULL', 'NULL', 'ATB', '1', 'NULL'),
('ison100mgt', 'isoniazide 100mg comprime', 'NULL', 'NULL', 'NULL', 'ATB', '1', 'NULL'),
('ison300mgt', 'isoniazide 300mg comprime', 'NULL', 'NULL', 'NULL', 'ATB', '1', 'NULL'),
('levo1.5t', 'levonorgestrel 1.5mg', 'NULL', 'NULL', 'NULL', 'CON', '1', 'NULL'),
('levo30t', 'levonorgestrel 30micrograms comprime', 'NULL', 'NULL', 'NULL', 'CON', '1', 'NULL'),
('levo750', 'levonorgestrel 750micrograms (pack of two) comprime', 'NULL', 'NULL', 'NULL', 'CON', '1', 'NULL'),
('levoimp75mg', 'Levonogestrol implant 2*75mg', NULL, '2*75', 'mg', 'CON', '1', NULL),
('lmv10mgo', 'Lamivudine 10mg/ml solution buvable', NULL, '10', 'mg/ml', 'ARV', '1', NULL),
('lmv150mgt', 'Lamivudine 150mg comprime', 'NULL', 'NULL', 'NULL', 'ARV', '1', 'NULL'),
('lmv150stv30nvp200mgt', 'Lamivudine+Stavudine+Nevirapine 150+30+200 mg comprime', 'NULL', '150+30+200', 'mg', 'ARV', '1', 'NULL'),
('lmv150stv40nvp200mgt', 'Lamivudine+Stavudine+Nevirapine 150+40+200 mg comprime', 'NULL', '150+40+200', 'mg', 'ARV', '1', 'NULL'),
('lmv50mgo', 'Lamivudine 50mg/5ml solution buvable', 'NULL', 'NULL', 'NULL', 'ARV', '1', 'NULL'),
('lpv133rit33mgc', 'lopinavir + ritonavir (LPV/r) 133.3mg + 33.3mg capsule', 'NULL', '133.3 + 33', 'mg', 'ARV', '1', 'NULL'),
('lpv200rit50mgc', 'lopinavir + ritonavir (LPV/r) 200mg + 50mg capsule', NULL, '200 + 50', 'mg', 'ARV', '1', NULL),
('lpv400rit100mgo', 'lopinavir + ritonavir (LPV/r) 400mg + 100mg/5ml solution buvable', 'NULL', '400+ 100 /', 'mg+mg/ml', 'ARV', '1', 'NULL'),
('meas', 'vaccin antirougeoleux', 'NULL', 'NULL', 'NULL', 'VAC', '1', 'NULL'),
('medracet150v', 'acetate de medroxyprogesterone (D) solution injectable retard, 150mg/ml en flacon 1-ml', 'NULL', 'NULL', 'NULL', 'CON', '1', 'NULL'),
('meni', 'vaccin anti meningoccocique', '', 'NULL', 'NULL', 'VAC', '1', 'NULL'),
('mump', 'vaccin contre les oreillons', '', 'NULL', 'NULL', 'VAC', '1', 'NULL'),
('nevi10mgo', 'Nevirapine 10mg/ml solution buvable', NULL, '10', 'mg/ml', 'ARV', '1', NULL),
('nevi200mg', 'Nevirapine 200mg/comprimé', 'Viramune', '200', 'mg', 'ARV', '1', NULL),
('nevi50mg', 'Nevirapine 50mg/ml flacon', 'Viramune', '50', 'mg/ml', 'ARV', '1', NULL),
('nfv250mgt', 'nelfinavir (NFV) 250mg comprime', 'NULL', 'NULL', 'NULL', 'ARV', '1', 'NULL'),
('nfv50mgp', 'nelfinavir (NFV) 50mg/g poudre pour solution buvable', 'NULL', 'NULL', 'NULL', 'ARV', '1', 'NULL'),
('noreena200t', 'norethisterone enantate oily solution, 200mg/ml en flacon 1-ml', 'NULL', 'NULL', 'NULL', 'CON', '1', 'NULL'),
('norethi5mgt', 'norethisterone 5mg comprime', 'NULL', 'NULL', 'NULL', 'CON', '1', 'NULL'),
('ofl200mg', 'Oflaxacine 200mg comp-cap', NULL, '200', 'mg', 'ATB', '1', NULL),
('ofl400mg', 'Oflaxacine 400mg comp-cap', NULL, '400', 'mg', 'ATB', '1', NULL),
('pertu', 'vaccin anticoquelucheux', 'NULL', 'NULL', 'NULL', 'VAC', '1', 'NULL'),
('poli', 'poliomyelitis vaccin antipoliomyelitique', 'NULL', 'NULL', 'NULL', 'VAC', '1', 'NULL'),
('pyr25sulf500', 'Pyrimethamine 25mg+Sulfadoxine 500mg comprime', NULL, '25+500', 'mg+mg', 'APA', '1', NULL),
('pyra400mgt', 'pyrazinamide 400mg comprime', 'NULL', 'NULL', 'NULL', 'ATB', '1', 'NULL'),
('quin150mgo', 'quinine 150 mg/ml injectable ', NULL, '150', 'mg/ml', 'APA', '1', NULL),
('quin300mg2ml', 'quinine 300mg (sous forme de dihydrochloride)/ml en ampoule 2-ml', 'NULL', 'NULL', 'NULL', 'APA', '1', 'NULL'),
('quin300mgt', 'quinine 300mg (sous forme de bisulfate ou sulfate) comprime', 'NULL', 'NULL', 'NULL', 'APA', '1', 'NULL'),
('rabi', 'rabies vaccin antirabique', '', 'NULL', 'NULL', 'VAC', '1', 'NULL'),
('rfaison150150mgt', 'rifampicine + isoniazide 150mg + 150mg comprime', 'NULL', 'NULL', 'NULL', 'ATB', '1', 'NULL'),
('rfp150iso75eth275mg', 'rifampicin+isoniazid +ethambutol 150mg+75mg+275mg comprime', NULL, '150+75+275', 'mg', 'ATB', '1', NULL),
('rfp150iso75pyr400mg', 'rifampicin+isoniazid +pyrazinamide 150mg+75mg+400mg comprime', NULL, '150+75+400', 'mg', 'ATB', '1', NULL),
('rfp60iso30pyr150mg', 'rifampicin+isoniazid+pyrazinamide(dispersible)  60mg+30mg+150mg comprime', NULL, '150+75+275', 'mg', 'ATB', '1', NULL),
('rfpisoeth150100400t', 'rifampicine + isoniazide + ethambutol 150mg +100mg + 400mg comprime', 'NULL', 'NULL', 'NULL', 'ATB', '1', 'NULL'),
('rfpisopyr150150500mgt', 'rifampicine + isoniazide + pyrazinamide 150mg + 150mg + 500mg comprime', 'NULL', 'NULL', 'NULL', 'ATB', '1', 'NULL'),
('rfpisopyr15075400t', 'rifampicine + isoniazide + pyrazinamide 150mg + 75mg + 400mg comprime', 'NULL', 'NULL', 'NULL', 'ATB', '1', 'NULL'),
('rfpisopyreth15075400275t', 'rifampicine + isoniazide + pyrazinamide + ethambutol 150mg + 75mg + 400mg + 275mg comprime', 'NULL', 'NULL', 'NULL', 'ATB', '1', 'NULL'),
('rif150iso100mg', 'rifampicine 150mg+isoniazid 100mg comprime', NULL, '150+100', 'mg', 'ATB', '1', NULL),
('rifa150mgt', 'rifampicine (D) 150mg comprime', 'NULL', 'NULL', 'NULL', 'ATB', '1', 'NULL'),
('rifa300mgt', 'rifampicine (D) 300mg comprime', 'NULL', 'NULL', 'NULL', 'ATB', '1', 'NULL'),
('rifaison15075mgt', 'rifampicine + isoniazide 150mg + 75mg comprime', 'NULL', 'NULL', 'NULL', 'ATB', '1', 'NULL'),
('rifaison300150mgt', 'rifampicine + isoniazide 300mg + 150mg comprime', 'NULL', 'NULL', 'NULL', 'ATB', '1', 'NULL'),
('rifaison6030mgt', 'rifampicine + isoniazide 60mg + 30mg comprime', 'NULL', 'NULL', 'NULL', 'ATB', '1', 'NULL'),
('rifaison6060mgt', 'rifampicine + isoniazide 60mg + 60mg comprime', 'NULL', 'NULL', 'NULL', 'ATB', '1', 'NULL'),
('rito100mgc', 'ritonavir 100mg capsule', 'NULL', 'NULL', 'NULL', 'ARV', '1', 'NULL'),
('rito400mgo', 'ritonavir 400mg/5ml solution buvable', 'NULL', 'NULL', 'NULL', 'ARV', '1', 'NULL'),
('rube', 'vaccin antirubeole', '', 'NULL', 'NULL', 'VAC', '1', 'NULL'),
('santid', 'Anti D', 'NULL', 'NULL', 'NULL', 'SER', '1', 'NULL'),
('santivenin', 'Anti venin', 'NULL', 'NULL', 'NULL', 'SER', '1', 'NULL'),
('sqv200mgc', 'saquinavir (SQV) 200mg capsule', 'NULL', 'NULL', 'NULL', 'ARV', '1', 'NULL'),
('srabies', 'rabbies serum', 'NULL', 'NULL', 'NULL', 'SER', '1', 'NULL'),
('stetanik', 'Antitetanus serum', 'NULL', 'NULL', 'NULL', 'SER', '1', 'NULL'),
('strep1', 'streptomycine 1g (sous forme de sulfate) en flacon, poudre pour preparation injectable', 'NULL', 'NULL', 'NULL', 'ATB', '1', 'NULL'),
('stv15mgc', 'Stavudine15mg capsule', 'NULL', 'NULL', 'NULL', 'ARV', '1', 'NULL'),
('stv1mlp', 'Stavudine 1mg/ml poudre pour solution buvable', 'NULL', 'NULL', 'NULL', 'ARV', '1', 'NULL'),
('stv20mgc', 'Stavudine 20mg capsule', 'NULL', 'NULL', 'NULL', 'ARV', '1', 'NULL'),
('stv30lmv150', 'Stavudine30+Lamidine150 mg comprime', NULL, '30+150 ', 'mg', 'ARV', '1', NULL),
('stv30lmv150nev200', 'Stavudine+Lamivudine+Nevirapine (30+150+200)mg comprime', NULL, '30+150+200', 'mg', 'ARV', '1', NULL),
('stv30mgc', 'Stavudine 30mg capsule', 'NULL', 'NULL', 'NULL', 'ARV', '1', 'NULL'),
('stv40lmv150', 'Stavudine40+Lamidine150 mg comprime', NULL, '40+150', 'mg', 'ARV', '1', NULL),
('stv40mgc', 'Stavudine 40mg capsule', 'NULL', 'NULL', 'NULL', 'ARV', '1', 'NULL'),
('stv5mlp', 'Stavudine 5mg/5ml poudre pour solution buvable', 'NULL', 'NULL', 'NULL', 'ARV', '1', 'NULL'),
('sul500pyr25', 'Sulfadoxine 500 mg + Pyriméthamine 25 mg comprime', NULL, '500+25', 'mg', 'APA', '1', NULL),
('ten300emtr200', 'tenofovir 300mg+emtricitabine 200mg', NULL, '300+200', 'mg+mg', 'ARV', '1', NULL),
('ten300mg ', 'Tenofovir disoproxil fum.(TDF) 300 mg comprime', NULL, '300', 'mg', 'ARV', '1', NULL),
('teta', 'vaccin antitetanique', '', 'NULL', 'NULL', 'VAC', '1', 'NULL'),
('typh', 'vaccin antityphoide', '', 'NULL', 'NULL', 'VAC', '1', 'NULL'),
('yelo', 'vaccin contre la fievre jaune', '', 'NULL', 'NULL', 'VAC', '1', 'NULL'),
('zdv100cap', 'Zidovudine 100mg capsule', 'NULL', 'NULL', 'NULL', 'ARV', '1', 'NULL'),
('zdv10mgvial', 'Zidovudine 10mg/ml en flacon 20-ml solution pour perfusion IV ,', 'NULL', 'NULL', 'NULL', 'ARV', '1', 'NULL'),
('zdv250mgc', 'Zidovudine 250mg capsule', 'NULL', 'NULL', 'NULL', 'ARV', '1', 'NULL'),
('zdv250mgt', 'Zidovudine 250mg comprime', 'NULL', 'NULL', 'NULL', 'ARV', '1', 'NULL'),
('zdv300lmv150', 'Zidovudine300+Lamivudine150 mg comprime', NULL, NULL, NULL, 'ARV', '1', NULL),
('zdv300mgt', 'Zidovudine 300mg comprime', 'NULL', 'NULL', 'NULL', 'ARV', '1', 'NULL'),
('zdv50mgo', 'Zidovudine 50mg/5ml solution buvable ou sirop,', 'NULL', 'NULL', 'NULL', 'ARV', '1', 'NULL'),
('zdvlmvnvp300150200mgt', 'Zidovudine 300+Lamuvidine 150+Nevirapine 200 mg comprime', 'NULL', 'NULL', 'NULL', 'ARV', '1', 'NULL');

-- --------------------------------------------------------

--
-- Structure de la table `tprovider`
--

CREATE TABLE `tprovider` (
  `tprov_id` int(5) NOT NULL,
  `tprov_coun_id` varchar(4) NOT NULL DEFAULT '',
  `tprov_desc` varchar(40) DEFAULT NULL COMMENT 'Prov name\r\n',
  `tprov_adr` varchar(60) DEFAULT NULL,
  `tprov_postal` varchar(30) DEFAULT NULL,
  `tprov_fax` varchar(20) DEFAULT NULL,
  `tprov_tel1` varchar(20) DEFAULT NULL,
  `tprov_tel2` varchar(20) DEFAULT NULL,
  `tprov_email` varchar(30) DEFAULT NULL,
  `tprov_website` varchar(20) DEFAULT NULL,
  `tprov_cont` varchar(40) DEFAULT NULL,
  `tprov_remark` varchar(20) DEFAULT NULL,
  `tprov_status` char(1) NOT NULL DEFAULT '1'
) ENGINE=InnoDB DEFAULT CHARSET=latin1;

--
-- Déchargement des données de la table `tprovider`
--

INSERT INTO `tprovider` (`tprov_id`, `tprov_coun_id`, `tprov_desc`, `tprov_adr`, `tprov_postal`, `tprov_fax`, `tprov_tel1`, `tprov_tel2`, `tprov_email`, `tprov_website`, `tprov_cont`, `tprov_remark`, `tprov_status`) VALUES
(1, 'EGY', 'HOLDING Company', '12,WAKED, Le Caire Egypte_ 1,place d\'independance Dakar', 'BP 2078 CAIRO', '59 16 866', '59 16866', NULL, 'exportdhc@drugholding.org', '', 'Dr. Nahed ROUSHDY FAHIM', '', '1'),
(2, 'NLD', 'IDA FOUNDATION', 'AMSTERDAM', '1030 AB AMSTERDAM', '+31 (0) 20 4031854', '+31 (0) 20 4 033051', NULL, 'info@ida foundation.org ', 'www.idafoudation.org', 'Sara Rodrigues /Mr Frank VAN DOREN ou MM', '', '1'),
(3, 'IND', 'IPCA LABORATORIES', 'International House,48, Kandivli Industrial Estate', 'Mumbai 400 067', '+91 22 2 8686613', '+91 22 56474444', NULL, 'ipca@ipca@.in', 'www.ipcalabs.com', NULL, NULL, '1'),
(4, 'BEL', 'LDI INTERNATIONAL', 'Rietschoorvelden, 20', '2170 Anvers', '+32 3 640 9345', '+32 3 640 93 42', NULL, 'id@ritel.be', NULL, 'Mr Filip DENTANT', NULL, '1'),
(6, 'GHA', 'PHYTORIKER', 'Mile 7, Off Accra North', 'P.O Box 5266 Accra North', '+233 21 400998', '+233 21 410236/8', NULL, NULL, NULL, 'Mr Michael O. AJAYI, Egya Boi AWOONOR', NULL, '1'),
(10, 'DNK', 'IDA AIDS', 'Rue de Danemark', '12345', '355555', '366666', '6333333', 'dnk@yahoo.com', 'www.dnk.dk', 'La Danoise', '', ''),
(11, 'IND', 'RANBAXY', '6, Devika Tower, Nehru Place', 'NEw-Delhi - 110019', '91 11 647 4608', '91 11 647 4608', '', '', '', 'Rohit ANAND', '', '1'),
(12, 'IND', 'STRIDES ARCOLAB', 'Strides Houses, Bilekahalli, Bannerghatta', 'Bangalore - 560076', '91 80 57580831', '91 8057570748', '', 'narayan@.pa@stridesarco.com', '', 'Mr. P.A NARAYAN', '', '1'),
(13, 'IND', 'EMCURE', 'Emcure House, T-184, MIDC, Bhosari', 'Pune 411 026', '+91 20 39821030', '+91 20 39821000', '', 'export@emcure.co.in, balajiUD@', 'www.emcure.co.in', 'Mr U D BALAJI', '', '1'),
(14, 'FRA', 'BRISTOL BMS', '3, Rue Joseph Monier', '92506 Rueil-Malmaison BP 325 C', '+33 1 58 83 83 65 65', '+33 1 58 83 60 00', '', 'anne-marie.lopez@bms.com', 'www.bms.com', 'Mme Marie-Astrid Mercier', '', '1'),
(15, 'ZAF', 'ABBOT laboratories South Africa (Pty) Lt', 'Abbott Place 219 Golf Club', 'P.O Box 7208 Weltevredenpark', '27 011 858 2070', '+27 011 858 2000', '+21 011 858 2174', 'willem.vannikerk@abbott.com', '', '', '', '1'),
(16, 'IND', 'HETERO DRUGS', 'Hetero House H.N°.8 - 3 -166/7/1, Erragada', 'Erragada, Hyderabad - 500018', '040 23704923/24/25', '', '', 'bhavesh@heterodrugs.com,bhaves', 'www.heterodrugs.com', 'Mr M.S. REDDY', '', '1'),
(17, 'FRA', 'GLAXOSMITHKLINE', '980, Great West Road, Brentford', 'Middlesex TW89GS', '+44 20 8047 0666', '+44 20 8047 2541', '', 'isabelle.m.fallon@gsk.co', 'www.gsk.com', 'Mme Isabelle FALLON', '', '1'),
(18, 'BEL', 'MULTI-G', 'Lange Leemstraat 166', '2018 Antwerpen', '+32 3 218 42 24', '+32 3 218 42 23', '', 'gady.zohori@multi-m.biz', '', 'Mmme Isabelle FALLON', '', '1'),
(19, 'IND', 'NESTOR', 'GL-5, Ashoka', 'NEW DELHI', '91-011-3314812', '', 'nestori@bol.net.in', 'mail paris@france', '', 'Mr P.K. CHAUDHRY', '', '1'),
(20, 'IND', 'CIPLA LTD', 'Mumbai Central', 'Mumbai 400 008', '91 22 23 07 0013', '91 22 23 08 2891', '', 'ciplaexp@vsnl.com', 'www.cipla.com', 'Walter ADIBLI', '', '1'),
(21, 'IND', 'PURE PHARMA LTD', '41-42 & 44 Industrial Estate, Pologround Indore', '452 015', '+91 71 2420605', '+91 731 2420601/2/3', NULL, NULL, NULL, 'Mr M.K. SESHADRI', NULL, '1'),
(22, 'FRA', 'AVENTIS PASTEUR', '2, Avenue Pont Pasteur', 'F-69367 LYON CEDEX 07', '+33 04 37 37 77 37', '+33 04 37 37 01 00', NULL, NULL, NULL, 'Mr Gonzague CHOMBART DE LAUWE', NULL, '1'),
(23, 'SEN', 'AVENTIS PHARMA', 'Km, 16 route de Rufisque Dakar', NULL, '+221 834 37 11', '+221 879 13 50', NULL, NULL, NULL, 'Mr Oumar AIDARA', NULL, '1'),
(24, 'FRA', 'C.S.P', '76, avenue du midi - COURNON D\'AUVERGNE', 'CEDEX BP 77', '+33 4 73 84 69 54', '+33 4 73 84 69 60', NULL, 'contact@csep.fr', NULL, 'Mr Michel CAMUS', NULL, '1'),
(25, 'IND', 'AUROBINDO', NULL, NULL, NULL, NULL, NULL, NULL, NULL, NULL, NULL, '1'),
(30, 'FRA', 'PANPHARMA', 'Zonz Industrielle du Clairay', '33133 FOUGERES', '+31 02 99 97 97 27', '+31 02 99 97 92 12', NULL, 'panpharma@panpharma.fr', NULL, 'Mr Olivier ZAMPATI', NULL, '1'),
(93, 'FRA', 'GNB IDA FRANCE', 'Adresse IDA France', '444555', '2222', '55555', '55555888', NULL, NULL, NULL, NULL, '1'),
(94, 'FRA', 'GNB France 94', 'Adresse GNB FRance 94', NULL, NULL, NULL, NULL, NULL, NULL, 'Van den Chose', NULL, '1'),
(96, 'IND', 'IDA INDIA', NULL, NULL, NULL, NULL, NULL, NULL, NULL, NULL, NULL, '1'),
(97, 'GNB', 'GNB FRANCE 97', 'Adresse GNB France 97', '5860', NULL, NULL, NULL, 'gnbfrance@yahoo.fr', '', 'MR GNB France 97 contact', NULL, '1'),
(98, 'IND', 'GNB INDE 98', 'Adresse GNB 98 INDE', '', NULL, NULL, NULL, NULL, NULL, NULL, NULL, '1'),
(99, 'BRA', 'GNB BRESIL', NULL, NULL, NULL, NULL, NULL, NULL, NULL, NULL, NULL, '1'),
(100, 'IND', 'AUROBINDO', NULL, NULL, NULL, NULL, NULL, NULL, NULL, NULL, NULL, '1'),
(101, 'IND', 'HETERO', NULL, NULL, NULL, NULL, NULL, NULL, NULL, NULL, NULL, '1'),
(102, 'BEL', 'PHARMACIE NVS', NULL, NULL, NULL, NULL, NULL, NULL, NULL, NULL, NULL, '1'),
(103, 'JAM', 'SCHERING', NULL, NULL, NULL, NULL, NULL, NULL, NULL, NULL, NULL, '1'),
(104, 'CAN', 'IMPORTER CANADIEN', NULL, NULL, NULL, NULL, NULL, NULL, NULL, NULL, NULL, '1'),
(105, 'IND', 'SVIZERA', NULL, NULL, NULL, NULL, NULL, NULL, NULL, NULL, NULL, '1'),
(106, 'NGA', 'STRIDES VITAL ( NIG) LTD', NULL, NULL, NULL, NULL, NULL, NULL, NULL, NULL, NULL, '1'),
(107, 'NGA', 'WWW V LTD', NULL, NULL, NULL, NULL, NULL, NULL, NULL, NULL, NULL, '1'),
(108, 'NLD', 'IDA (Holland)', NULL, NULL, NULL, '033 350 700', NULL, NULL, NULL, 'Moctar Turay', NULL, '1'),
(109, 'SLE', 'IMRES PHARMACY', '19 Wilberforce street', NULL, NULL, '076 693939', '076 602715', NULL, NULL, 'Assed Shallop', 'SL', '1'),
(110, 'SLE', 'Med Pharmacy', '7 Kroo Town Road', NULL, NULL, '229403', NULL, NULL, NULL, 'Mohamed Sesay', NULL, '1'),
(111, 'SLE', 'ABST Enterprises', '19 Bailey Street', NULL, NULL, '604629', NULL, NULL, NULL, 'abu bakar sillah', NULL, '1'),
(112, 'SLE', 'Obbaco Trading Agency', '41 Siaka Stevens Street', NULL, NULL, '076 626483', NULL, NULL, NULL, '', NULL, '1'),
(113, 'IND', 'Vivimed Labs Limited', '2 Floor Veeranag Tower, Habsiguda,', NULL, NULL, '91 8482 232045', NULL, NULL, NULL, 'Sandeep Varalwar', NULL, '1'),
(120, 'SLE', 'WALPOLE Pharmacy', NULL, NULL, NULL, NULL, NULL, NULL, NULL, NULL, NULL, '1'),
(121, 'DNK', 'UNICEF', NULL, NULL, NULL, NULL, NULL, NULL, NULL, NULL, 'For SL', '1'),
(122, 'NGA', 'CIPLA EVENS (Nigeria)', NULL, NULL, NULL, NULL, NULL, NULL, NULL, NULL, NULL, '1'),
(123, 'IND', 'CAG', 'CAG', NULL, NULL, NULL, NULL, NULL, NULL, NULL, 'Pour le MALI', '1'),
(124, 'BRA', 'Ministere Sante Bresil', NULL, NULL, NULL, NULL, NULL, NULL, NULL, NULL, NULL, '1'),
(125, 'IND', 'IDA/HIV AIDS Group', NULL, NULL, NULL, NULL, NULL, NULL, NULL, NULL, NULL, '1'),
(126, 'IND', 'UNICEF', NULL, NULL, NULL, NULL, NULL, NULL, NULL, NULL, NULL, '1'),
(127, 'IND', 'Mission Pharma', NULL, NULL, NULL, NULL, NULL, NULL, NULL, NULL, NULL, '1'),
(128, 'DNK', 'FNUAP', NULL, NULL, NULL, NULL, NULL, NULL, NULL, NULL, NULL, '1'),
(129, 'DNK', 'UNIPAC', NULL, NULL, NULL, NULL, NULL, NULL, NULL, NULL, NULL, '1'),
(130, 'SWZ', 'IDA HIV/AIDS Group ', NULL, NULL, NULL, NULL, NULL, NULL, NULL, NULL, NULL, '1'),
(135, 'POR', 'FHC Pharmaceutica', NULL, NULL, NULL, NULL, NULL, 'fhc.farma@mail.telepac.pt ', NULL, 'Sergio Pinheiro ', NULL, '1'),
(136, 'GBR', 'IDA HIV/AIDS Group ', NULL, NULL, NULL, NULL, NULL, NULL, NULL, NULL, NULL, '1'),
(137, 'USA', 'IDA HIV/AIDS Group ', NULL, NULL, NULL, NULL, NULL, NULL, NULL, NULL, NULL, '1'),
(138, 'USA', 'Bristol- Myers Squibb ', NULL, NULL, NULL, NULL, NULL, NULL, NULL, NULL, NULL, '1'),
(139, 'NLD', 'IDA HIV/AIDS Group ', NULL, NULL, NULL, NULL, NULL, NULL, NULL, NULL, NULL, '1'),
(140, 'CAN', 'IDA HIV/AIDS Group ', NULL, NULL, NULL, NULL, NULL, NULL, NULL, NULL, NULL, '1'),
(141, 'DEU', 'SCHERING', NULL, NULL, NULL, NULL, NULL, NULL, NULL, NULL, NULL, '1'),
(142, 'NGA', 'Fidson Healthcare Ltd', '6, Ilepeju By pass', 'P.O box 7210 Shomolu, Lagos', '+234 1 4930841/ 4960', '+234 1 4933319/ 4976', NULL, 'sales@fidson.com', 'www.fidson.com', NULL, NULL, '1'),
(143, 'NGA', 'Ranbaxy Limited Nigeria', '1st floor Abimbola House, 24 Abimbola street', 'P.O Box 4452 Ikeja, Lagos', '+234 1 4526371/ 4526', '+234 1 4527094', NULL, 'information@ranbaxynigeria.com', 'www.ranbaxy.com', NULL, NULL, '1'),
(145, 'NGA', 'Fidson Healthcare Plc', '6,Ilupeju By pass', 'P.O Box 7210 Shomolu, Lagos', '+234 493331', NULL, NULL, 'info@fidson.com', NULL, NULL, NULL, '1'),
(146, 'NGA', 'Phillips Pharm Nigeria Ltd', '122-132, Afprint industrial estate Apapa Oshodi Express way,', NULL, NULL, NULL, NULL, NULL, NULL, NULL, NULL, '1'),
(148, 'NGA', 'May & Baker ', '3/5 Sapasu street Industrial state, Ikeja', NULL, NULL, NULL, NULL, NULL, NULL, NULL, NULL, '1'),
(150, 'BFA', 'COPHADIS S.A (Coopérative Pharmaceutique', 'Secteur 17', '01 BP 4876 Ouagadougou', NULL, '+226 50436068/69', NULL, NULL, NULL, NULL, NULL, '1'),
(151, 'BFA', 'COPHARMEG', 'Secteur 25', '01 BP 205 Ouaga 01', NULL, NULL, NULL, NULL, NULL, NULL, NULL, '1'),
(152, 'BFA', 'DPBF (Distribution Pharmaceutique du BF)', '1, avenue Boulmougou, route de Bobo-Dioulasso', '06 BP 10160 Ouaga 06', NULL, '+226 50 42 82 00', '+226 50 42 82 01', NULL, NULL, NULL, NULL, '1'),
(153, 'BFA', 'Faso Galien', '173, rue 29/40 secteur 29', '11 bp 559 CMS Ouaga ', NULL, '+226 50 36 94 85', '+226 50 36 01 06', 'fasogalien@liptinfor.bf', NULL, NULL, NULL, '1'),
(154, 'BFA', 'Laborex Burkina', NULL, '01 BP 6179 Ouaga 01', NULL, '+226 50 37 27 50', '+226 50 37 27 51', NULL, NULL, NULL, NULL, '1'),
(155, 'BFA', 'Multi-M', NULL, '01 BP 10241', NULL, '+226 50 37 54 52', NULL, NULL, NULL, NULL, NULL, '1'),
(157, 'BFA', 'Pharma-Plus', NULL, '01 BP 1908 Ouaga 01', NULL, '+226 50 37 35 54', '+226 50 37 35 56', 'pharma.plus@fasonet.bf', NULL, NULL, NULL, '1'),
(158, 'BFA', 'Pharma-Int', NULL, NULL, NULL, NULL, NULL, NULL, NULL, NULL, NULL, '1'),
(159, 'BFA', 'CAMEG (Centrale d\'Achat en Médicaments e', NULL, '01 BP 4876 Ouagadougou ', NULL, '+226 50 37 37 50/51', '+226 50 37 37 57', NULL, 'www.cameg.com', NULL, NULL, '1'),
(160, 'BFA', 'ISDA (Infusia Santé Diffusion Afrique)', 'Bld Tansoba, Secteur 30 -Ouagadougou', NULL, NULL, '+226 50 37 28 52', NULL, NULL, NULL, NULL, NULL, '1'),
(164, 'USA', 'GAVI', NULL, NULL, NULL, NULL, NULL, NULL, NULL, NULL, NULL, '1'),
(924, 'USA', 'USAID', NULL, NULL, NULL, NULL, NULL, NULL, NULL, NULL, NULL, '1'),
(998, 'DNK', 'UNFPA', NULL, NULL, NULL, NULL, NULL, NULL, NULL, NULL, 'Dummy for UNFPA', '1');

-- --------------------------------------------------------

--
-- Structure de la table `tprovtype`
--

CREATE TABLE `tprovtype` (
  `tprovtype_id` int(3) NOT NULL,
  `tprovtype_coun_id` char(4) NOT NULL DEFAULT '' COMMENT 'Foreign Key : Table tcountry',
  `tprovtype_p_id` tinyint(2) NOT NULL DEFAULT '0',
  `tprovtype_status` char(1) NOT NULL DEFAULT '1'
) ENGINE=InnoDB DEFAULT CHARSET=latin1;

--
-- Déchargement des données de la table `tprovtype`
--

INSERT INTO `tprovtype` (`tprovtype_id`, `tprovtype_coun_id`, `tprovtype_p_id`, `tprovtype_status`) VALUES
(1, 'FRA', 4, ''),
(2, 'FRA', 2, ''),
(3, 'BEL', 14, ''),
(10, 'DNK', 4, ''),
(11, 'IND', 4, ''),
(12, 'IND', 4, ''),
(13, 'IND', 4, ''),
(14, 'FRA', 4, ''),
(15, 'ZAF', 4, ''),
(16, 'IND', 4, ''),
(17, 'FRA', 4, ''),
(18, 'FRA', 4, ''),
(19, 'FRA', 4, ''),
(25, 'IND', 14, '1'),
(26, 'USA', 127, '1');

-- --------------------------------------------------------

--
-- Doublure de structure pour la vue `tprov_country_en_view`
-- (Voir ci-dessous la vue réelle)
--
CREATE TABLE `tprov_country_en_view` (
`tprov_id` int(5)
,`tprov_desc` varchar(40)
,`tprov_coun_id` varchar(4)
,`tcountry_desc` varchar(40)
,`tprov_adr` varchar(60)
,`tprov_postal` varchar(30)
,`tprov_fax` varchar(20)
,`tprov_tel1` varchar(20)
,`tprov_tel2` varchar(20)
,`tprov_email` varchar(30)
,`tprov_website` varchar(20)
,`tprov_cont` varchar(40)
,`tprov_remark` varchar(20)
,`tprov_status` char(1)
);

-- --------------------------------------------------------

--
-- Doublure de structure pour la vue `tprov_country_fr_view`
-- (Voir ci-dessous la vue réelle)
--
CREATE TABLE `tprov_country_fr_view` (
`tprov_id` int(5)
,`tprov_desc` varchar(40)
,`tprov_coun_id` varchar(4)
,`tcountry_desc` varchar(40)
,`tprov_adr` varchar(60)
,`tprov_postal` varchar(30)
,`tprov_fax` varchar(20)
,`tprov_tel1` varchar(20)
,`tprov_tel2` varchar(20)
,`tprov_email` varchar(30)
,`tprov_website` varchar(20)
,`tprov_cont` varchar(40)
,`tprov_remark` varchar(20)
,`tprov_status` char(1)
);

-- --------------------------------------------------------

--
-- Structure de la table `tsmalunit`
--

CREATE TABLE `tsmalunit` (
  `tsmalunit_id` int(3) NOT NULL DEFAULT '0',
  `tsmalunit_desc` varchar(40) DEFAULT NULL,
  `tsmalunit_status` char(1) DEFAULT NULL,
  `tsmalunit_remark` varchar(20) DEFAULT NULL
) ENGINE=InnoDB DEFAULT CHARSET=latin1;

--
-- Déchargement des données de la table `tsmalunit`
--

INSERT INTO `tsmalunit` (`tsmalunit_id`, `tsmalunit_desc`, `tsmalunit_status`, `tsmalunit_remark`) VALUES
(1, 'gels/gelules', '1', ''),
(2, 'tablets/comprimes', '1', ''),
(3, 'caps/capsules', '1', ''),
(4, 'bottles/flacons', '1', ''),
(5, 'vial/ampoules', '1', ''),
(6, 'piece(cycle)', '1', NULL),
(7, 'ampoule/vial(cycle)', '1', NULL),
(8, 'implant(cycle)', '1', NULL),
(9, 'plaquette(cycle)', '1', NULL);

-- --------------------------------------------------------

--
-- Structure de la table `tsmalunit_en`
--

CREATE TABLE `tsmalunit_en` (
  `tsmalunit_id` int(3) NOT NULL DEFAULT '0',
  `tsmalunit_desc` varchar(40) DEFAULT NULL,
  `tsmalunit_status` char(1) DEFAULT NULL,
  `tsmalunit_remark` varchar(20) DEFAULT NULL
) ENGINE=InnoDB DEFAULT CHARSET=latin1;

--
-- Déchargement des données de la table `tsmalunit_en`
--

INSERT INTO `tsmalunit_en` (`tsmalunit_id`, `tsmalunit_desc`, `tsmalunit_status`, `tsmalunit_remark`) VALUES
(1, 'gel', '1', ''),
(2, 'tablet', '1', ''),
(3, 'caps', '1', ''),
(4, 'bottles', '1', ''),
(5, 'vial', '1', ''),
(6, 'piece(cycle)', '1', NULL),
(7, 'vial(cycle)', '1', NULL),
(8, 'implant(cycle)', '1', NULL),
(9, 'plaquette(cycle)', '1', NULL),
(10, 'set', '1', NULL);

-- --------------------------------------------------------

--
-- Structure de la table `tsmalunit_fr`
--

CREATE TABLE `tsmalunit_fr` (
  `tsmalunit_id` int(3) NOT NULL DEFAULT '0',
  `tsmalunit_desc` varchar(40) DEFAULT NULL,
  `tsmalunit_status` char(1) DEFAULT NULL,
  `tsmalunit_remark` varchar(20) DEFAULT NULL
) ENGINE=InnoDB DEFAULT CHARSET=latin1;

--
-- Déchargement des données de la table `tsmalunit_fr`
--

INSERT INTO `tsmalunit_fr` (`tsmalunit_id`, `tsmalunit_desc`, `tsmalunit_status`, `tsmalunit_remark`) VALUES
(1, 'gelule', '1', ''),
(2, 'comprime', '1', ''),
(3, 'capsule', '1', ''),
(4, 'flacon', '1', ''),
(5, 'ampoule', '1', ''),
(6, 'piece(cycle)', '1', NULL),
(7, 'ampoule(cycle)', '1', NULL),
(8, 'implant(cycle)', '1', NULL),
(9, 'plaquette(cycle)', '1', NULL),
(10, 'set', '1', NULL);

-- --------------------------------------------------------

--
-- Structure de la table `tsrcfund`
--

CREATE TABLE `tsrcfund` (
  `tsrcfund_id` varchar(4) NOT NULL DEFAULT '',
  `tsrcfund_desc` varchar(40) DEFAULT NULL,
  `tsrcfund_status` char(1) DEFAULT NULL,
  `tsrcfund_remark` varchar(40) DEFAULT NULL
) ENGINE=InnoDB DEFAULT CHARSET=latin1;

--
-- Déchargement des données de la table `tsrcfund`
--

INSERT INTO `tsrcfund` (`tsrcfund_id`, `tsrcfund_desc`, `tsrcfund_status`, `tsrcfund_remark`) VALUES
('ADB', 'BAD/ADB', '1', ''),
('AWAR', 'AWARE', '1', ''),
('BMWB', 'BM/WB', '1', ''),
('DFID', 'DFID', '1', ''),
('EU', 'EU', '1', ''),
('FG', 'Fonds du Gouvernememt/Government funds', '1', ''),
('GF', 'Global Fund', '1', ''),
('IDB', 'Islamic DB', '1', ''),
('JICA', 'JICA', '1', ''),
('OTHE', 'Others', '1', ''),
('PEPF', 'PEPFAR', '1', ''),
('UNFP', 'UNFPA', '1', ''),
('USAI', 'USAID', '1', ''),
('WHO', 'WHO', '1', '');

-- --------------------------------------------------------

--
-- Structure de la table `tsrcfund_en`
--

CREATE TABLE `tsrcfund_en` (
  `tsrcfund_id` varchar(4) NOT NULL DEFAULT '',
  `tsrcfund_desc` varchar(40) DEFAULT NULL,
  `tsrcfund_status` char(1) DEFAULT NULL,
  `tsrcfund_remark` varchar(40) DEFAULT NULL
) ENGINE=InnoDB DEFAULT CHARSET=latin1;

--
-- Déchargement des données de la table `tsrcfund_en`
--

INSERT INTO `tsrcfund_en` (`tsrcfund_id`, `tsrcfund_desc`, `tsrcfund_status`, `tsrcfund_remark`) VALUES
('ADB', 'African Development Bank', '1', ''),
('AWAR', 'AWARE', '1', ''),
('BMWB', 'World Bank', '1', ''),
('CST', 'Central Store', '1', NULL),
('DFID', 'DFID', '1', ''),
('EU', 'European Union', '1', ''),
('FG', 'Government funds', '1', ''),
('GF', 'Global Fund', '1', ''),
('IDB', 'Islamic DB', '1', ''),
('JICA', 'JICA', '1', ''),
('OTHE', 'Others', '1', ''),
('PEPF', 'PEPFAR', '1', ''),
('UNFP', 'UNFPA', '1', ''),
('USAI', 'USAID', '1', ''),
('WHO', 'World Health Organisation', '1', '');

-- --------------------------------------------------------

--
-- Structure de la table `tsrcfund_fr`
--

CREATE TABLE `tsrcfund_fr` (
  `tsrcfund_id` varchar(4) NOT NULL DEFAULT '',
  `tsrcfund_desc` varchar(40) DEFAULT NULL,
  `tsrcfund_status` char(1) DEFAULT NULL,
  `tsrcfund_remark` varchar(40) DEFAULT NULL
) ENGINE=InnoDB DEFAULT CHARSET=latin1;

--
-- Déchargement des données de la table `tsrcfund_fr`
--

INSERT INTO `tsrcfund_fr` (`tsrcfund_id`, `tsrcfund_desc`, `tsrcfund_status`, `tsrcfund_remark`) VALUES
('ADB', '(BAD) Banque Africaine de developpement', '1', ''),
('AWAR', 'AWARE', '1', ''),
('BMWB', 'Banque mondiale', '1', ''),
('CST', 'Centrale d\'Achat', '1', NULL),
('DFID', 'DFID', '1', ''),
('EU', 'Union Europeenne', '1', ''),
('FG', 'Fonds du Gouvernement', '1', ''),
('GF', 'Fond Global', '1', ''),
('IDB', 'Islamic DB', '1', ''),
('JICA', 'JICA', '1', ''),
('OTHE', 'Autres', '1', ''),
('PEPF', 'PEPFAR', '1', ''),
('UNFP', 'FNUAP', '1', ''),
('USAI', 'USAID', '1', ''),
('WHO', '(OMS) Organisation Mondiale de la Sante ', '1', '');

-- --------------------------------------------------------

--
-- Doublure de structure pour la vue `tsupview_fr`
-- (Voir ci-dessous la vue réelle)
--
CREATE TABLE `tsupview_fr` (
`tbuying_rowid` int(6)
,`tecowas_id` char(3)
,`tecowas_desc` char(40)
,`tprov_id` int(5)
,`tprov_desc` varchar(40)
,`tprov_coun_id` varchar(4)
,`tprov_coun_desc` varchar(40)
,`tmanu_id` int(5)
,`tmanu_desc` varchar(40)
,`tmanu_coun_id` char(3)
,`tmanu_coun_desc` varchar(40)
,`tinco_id` char(3)
,`tinco_desc` varchar(40)
,`tpack_id` int(3)
,`tpack_desc` varchar(40)
,`ttransport_id` char(3)
,`ttransport_desc` varchar(40)
,`tbuying_present_id` int(3)
,`tpresent_desc` varchar(40)
,`tproduct_id` varchar(30)
,`tproduct_desc` varchar(120)
,`tproduct_brand_name` varchar(20)
,`tproduct_cat` char(3)
,`tbuying_pack_size` decimal(4,0)
,`tbuying_price_per_pack` decimal(14,4)
,`tbuying_price_per_pack_dol` decimal(14,4)
,`tbuying_price_per_pack_eur` decimal(14,4)
,`tbuying_lead_time` varchar(10)
,`tbuying_dbid` date
,`tbuying_ppu` decimal(14,4)
,`tbuying_ppu_dol` decimal(14,4)
,`tbuying_ppu_eur` decimal(14,4)
,`tbuying_qu` double(14,4)
,`tbuying_qty_pack` decimal(14,4)
,`tbuying_tcost` decimal(14,4)
,`tbuying_tcost_dol` decimal(14,4)
,`tbuying_tcost_eur` decimal(14,4)
,`tcur_id` char(3)
,`tcur_desc` varchar(40)
,`tcur_symb` varchar(4)
,`exr` float
,`tsrcfund_id` varchar(4)
,`tsrcfund_desc` varchar(40)
,`ttype_prov_id` varchar(20)
,`ttype_prov_desc` varchar(40)
,`tsmalunit_id` int(3)
,`tsmalunit_desc` varchar(40)
,`tbuying_remark` mediumtext
,`tbuying_status` char(1)
);

-- --------------------------------------------------------

--
-- Structure de la table `ttransport`
--

CREATE TABLE `ttransport` (
  `ttransport_id` varchar(4) NOT NULL DEFAULT '',
  `ttransport_desc` varchar(40) DEFAULT NULL,
  `ttransport_status` char(1) DEFAULT NULL,
  `ttransport_remark` varchar(20) DEFAULT NULL
) ENGINE=InnoDB DEFAULT CHARSET=latin1;

--
-- Déchargement des données de la table `ttransport`
--

INSERT INTO `ttransport` (`ttransport_id`, `ttransport_desc`, `ttransport_status`, `ttransport_remark`) VALUES
('AIR', 'Air', '1', ''),
('LAN', 'Land', '1', ''),
('OTH', 'Others', '1', ''),
('SEA', 'Sea', '1', '');

-- --------------------------------------------------------

--
-- Structure de la table `ttransport_en`
--

CREATE TABLE `ttransport_en` (
  `ttransport_id` varchar(4) NOT NULL DEFAULT '',
  `ttransport_desc` varchar(40) DEFAULT NULL,
  `ttransport_status` char(1) DEFAULT NULL,
  `ttransport_remark` varchar(20) DEFAULT NULL
) ENGINE=InnoDB DEFAULT CHARSET=latin1;

--
-- Déchargement des données de la table `ttransport_en`
--

INSERT INTO `ttransport_en` (`ttransport_id`, `ttransport_desc`, `ttransport_status`, `ttransport_remark`) VALUES
('AIR', 'Air', '1', ''),
('LAN', 'Land', '1', ''),
('OTH', 'Others', '1', ''),
('SEA', 'Sea', '1', '');

-- --------------------------------------------------------

--
-- Structure de la table `ttransport_fr`
--

CREATE TABLE `ttransport_fr` (
  `ttransport_id` varchar(4) NOT NULL DEFAULT '',
  `ttransport_desc` varchar(40) DEFAULT NULL,
  `ttransport_status` char(1) DEFAULT NULL,
  `ttransport_remark` varchar(20) DEFAULT NULL
) ENGINE=InnoDB DEFAULT CHARSET=latin1;

--
-- Déchargement des données de la table `ttransport_fr`
--

INSERT INTO `ttransport_fr` (`ttransport_id`, `ttransport_desc`, `ttransport_status`, `ttransport_remark`) VALUES
('AIR', 'Avion', '1', ''),
('LAN', 'Route', '1', ''),
('OTH', 'Autres', '1', ''),
('SEA', 'Mer', '1', '');

-- --------------------------------------------------------

--
-- Structure de la table `ttypeprov`
--

CREATE TABLE `ttypeprov` (
  `ttype_prov_id` int(3) NOT NULL DEFAULT '0',
  `ttype_prov_desc` varchar(40) DEFAULT NULL,
  `ttype_prov_status` char(1) DEFAULT NULL,
  `ttype_prov_remark` varchar(40) DEFAULT NULL
) ENGINE=InnoDB DEFAULT CHARSET=latin1;

--
-- Déchargement des données de la table `ttypeprov`
--

INSERT INTO `ttypeprov` (`ttype_prov_id`, `ttype_prov_desc`, `ttype_prov_status`, `ttype_prov_remark`) VALUES
(1, 'Wholesaler', '1', ''),
(2, 'Importer', '1', ''),
(3, 'Un agency', '1', ''),
(4, 'Manufacturer', '1', NULL),
(11, 'Grossiste', '1', NULL),
(12, 'Agence d\'importation', '1', NULL),
(13, 'Agence onusienne', '1', NULL),
(14, 'Fabricant', '1', NULL);

-- --------------------------------------------------------

--
-- Structure de la table `ttypeprov_en`
--

CREATE TABLE `ttypeprov_en` (
  `ttype_prov_id` int(3) NOT NULL DEFAULT '0',
  `ttype_prov_desc` varchar(40) NOT NULL,
  `ttype_prov_status` char(1) NOT NULL DEFAULT '1',
  `ttype_prov_remark` varchar(40) DEFAULT NULL
) ENGINE=InnoDB DEFAULT CHARSET=latin1;

--
-- Déchargement des données de la table `ttypeprov_en`
--

INSERT INTO `ttypeprov_en` (`ttype_prov_id`, `ttype_prov_desc`, `ttype_prov_status`, `ttype_prov_remark`) VALUES
(1, 'Wholesaler', '1', ''),
(2, 'Importer', '1', ''),
(3, 'Un agency', '1', ''),
(4, 'Manufacturer', '1', NULL),
(5, 'Others', '1', NULL);

-- --------------------------------------------------------

--
-- Structure de la table `ttypeprov_fr`
--

CREATE TABLE `ttypeprov_fr` (
  `ttype_prov_id` int(3) NOT NULL,
  `ttype_prov_desc` varchar(40) NOT NULL,
  `ttype_prov_status` char(1) NOT NULL DEFAULT '1',
  `ttype_prov_remark` varchar(40) DEFAULT NULL
) ENGINE=InnoDB DEFAULT CHARSET=latin1;

--
-- Déchargement des données de la table `ttypeprov_fr`
--

INSERT INTO `ttypeprov_fr` (`ttype_prov_id`, `ttype_prov_desc`, `ttype_prov_status`, `ttype_prov_remark`) VALUES
(1, 'Grossiste', '1', ''),
(2, 'Importateur', '1', ''),
(3, 'Agence onusienne', '1', ''),
(4, 'Fabricant', '1', NULL),
(5, 'Autres', '1', NULL);

-- --------------------------------------------------------

--
-- Structure de la table `ttypuser`
--

CREATE TABLE `ttypuser` (
  `ttypuser_id` char(3) NOT NULL DEFAULT '',
  `ttypuser_desc` varchar(20) DEFAULT NULL,
  `ttypuser_status` char(1) NOT NULL DEFAULT '1',
  `ttypuser_author` varchar(20) DEFAULT NULL,
  `ttypuser_dmod` date DEFAULT NULL
) ENGINE=InnoDB DEFAULT CHARSET=latin1;

--
-- Déchargement des données de la table `ttypuser`
--

INSERT INTO `ttypuser` (`ttypuser_id`, `ttypuser_desc`, `ttypuser_status`, `ttypuser_author`, `ttypuser_dmod`) VALUES
('ADM', 'Administrateur', '1', 'cib', '2007-09-25'),
('ALL', 'ALL', '1', 'cib', '2007-09-22'),
('DEL', 'Delete', '1', 'cib', '2007-09-25'),
('INS', 'Insert', '1', 'cib', '2007-09-25'),
('TES', 'TEST', '4', 'cib', '2007-09-25'),
('UPD', 'Update', '1', 'cib', '2007-09-25'),
('VAL', 'VALIDATION', '1', 'cib', '2007-09-25'),
('VIE', 'View', '1', 'cib', '2007-09-25');

-- --------------------------------------------------------

--
-- Structure de la table `tusers`
--

CREATE TABLE `tusers` (
  `tusers_id` int(3) NOT NULL,
  `tusers_desc` varchar(40) NOT NULL DEFAULT '',
  `tusers_ecowas_id` char(3) NOT NULL DEFAULT '',
  `tusers_funct` varchar(60) DEFAULT NULL,
  `tusers_dept` varchar(40) DEFAULT NULL,
  `tusers_adress` varchar(60) DEFAULT NULL,
  `tusers_ph1` varchar(30) DEFAULT NULL,
  `tusers_ph2` varchar(30) DEFAULT NULL,
  `tusers_mob` varchar(30) DEFAULT NULL,
  `tusers_fax` varchar(20) DEFAULT NULL,
  `tusers_email` varchar(30) DEFAULT NULL,
  `tusers_web` varchar(30) DEFAULT NULL,
  `tusers_passwd` varchar(20) DEFAULT NULL,
  `tusers_remark` varchar(80) DEFAULT NULL,
  `tusers_status` char(1) DEFAULT NULL
) ENGINE=InnoDB DEFAULT CHARSET=latin1;

--
-- Déchargement des données de la table `tusers`
--

INSERT INTO `tusers` (`tusers_id`, `tusers_desc`, `tusers_ecowas_id`, `tusers_funct`, `tusers_dept`, `tusers_adress`, `tusers_ph1`, `tusers_ph2`, `tusers_mob`, `tusers_fax`, `tusers_email`, `tusers_web`, `tusers_passwd`, `tusers_remark`, `tusers_status`) VALUES
(11, 'Dr PH', 'BEN', 'Point focal des AIC', NULL, NULL, NULL, NULL, NULL, NULL, NULL, NULL, NULL, NULL, '1'),
(12, 'Dr GC', 'BEN', 'Resp. Dpt Relation clientele et promotion', NULL, NULL, '+22911111111', NULL, NULL, NULL, NULL, NULL, NULL, NULL, '1'),
(13, 'Mr KA ', 'BEN', 'Adjoint au responsable du Dpt Qualité', 'Département Assurance Qualité', NULL, NULL, NULL, NULL, NULL, 'xxxx@yahoo.fr', NULL, NULL, NULL, '1'),
(19, 'usviewben', 'BEN', 'Consultation Bénin', NULL, NULL, NULL, NULL, NULL, NULL, NULL, NULL, NULL, NULL, '1'),
(20, 'Dr K A A', 'BFA', 'Directeur de la Pharmacie et du Médicament', 'DGPML', ' Ouagadougou 1- Burkina Faso', '+226 1111111', NULL, '+226 2222222', '+2263333333', 'aaaa@yahoo.fr', NULL, NULL, 'Nouveau point focal ', '1'),
(21, 'Dr K P', 'BFA', 'Pharmacien, Directeur de la lutte contre la maladie', 'DGS', 'Ouagadougou ', '+ 226 22 44 55 11', NULL, '+ 226 22 44 55 11', NULL, 'xxxx@hotmail.com', NULL, NULL, NULL, '1'),
(23, 'Dr C M', 'BFA', 'Directeur Général de la pharmacie Du Médicament et de Labora', 'Ministère de la santé ', 'BURKINA FASO', NULL, NULL, '+226 11111111', NULL, 'unionxxxx@liptinforme.bf', NULL, NULL, NULL, '1'),
(29, 'usviewbfa', 'BFA', 'Consultation Burkina Faso', NULL, NULL, NULL, NULL, NULL, NULL, NULL, NULL, NULL, NULL, '1'),
(30, 'P E G', 'GHA', 'Head, Central Medical Stores Ministry of Health', 'Central Medical Stores Ministry of Healt', 'Tema, Ghana ', '+233 111 11 11 11 ', NULL, NULL, 'xxxx@gmail.com', '', NULL, NULL, 'CIB focal point Ghana', '1'),
(31, 'Mr. JBA', 'GHA', 'Director Family Health  Ghana Health Services', 'Family Health  Ghana Health Services P.M', 'Ministries Post Office, Accra, Ghana ', '+233 111 11 11 ', ' +233 111 11 11', NULL, ' +233 11 11 11 11 11', 'xxxxx@yahoo.com', NULL, NULL, NULL, '1'),
(39, 'usviewgha', 'GHA', 'Consultation Ghana', NULL, NULL, NULL, NULL, NULL, NULL, NULL, NULL, NULL, NULL, '1'),
(40, 'Dr SA', 'NER', 'Directrice Générale', 'Office National des Produits Pharmaceuti', NULL, '+227 11 22 33 44 55', NULL, '+227 11 22 33 44 55', '+227 11 22 33 44 55', 'xxxx@ixxx.ne ', NULL, NULL, 'Point focal des AIC Niger', '1'),
(41, 'Dr A Z', 'NER', 'Pharmacienne DPHL ', 'DPHL / MT / MSP ', NULL, '+227 11 11 11 11 ', '', NULL, '+227 20 74 26 34', 'ugs.pharma.niger@gmail.com;zan', NULL, NULL, 'Personne ressource Niger', '1'),
(49, 'usviewner', 'NER', 'Consultation Niger', NULL, NULL, NULL, NULL, NULL, NULL, NULL, NULL, NULL, NULL, '1'),
(51, 'Dr T S V', 'TGO', 'Chef service des mmmmmm', 'Ministère de la Santé', NULL, '+ 228 123 45 67', '+ 228 123 45 67', NULL, NULL, 'xxxxx@centrale.tg ', NULL, NULL, 'Personne ressource ou point focal', '1'),
(52, 'Dr. A Y E', 'TGO', 'Pharmacien Régional Région Maritime', 'Ministère de la Santé', NULL, '+228 123 45 67', '+228 123 45 67', NULL, NULL, 'adresse@email.com', NULL, NULL, 'Personne ressource des AIC', '1'),
(59, 'usviewtogo', 'TGO', 'Consulation Togo', '', NULL, '', NULL, NULL, NULL, '', NULL, '', NULL, '1'),
(60, 'Dr E M C', 'GNB', 'Director de Central de Compras de Medicamentos (CECOME)', 'CECOME - Ministerio da Sàude Pùblic', ' Bissau', '+245 123 45 67', NULL, '+245 123 45 67', '+245 123 45 67', 'xxx@email.com', NULL, '', NULL, '1'),
(61, 'F J ', 'GNB', 'Inspector Farmaceutico', 'Ministerio da Sàude Pùblic', ' Bissau ', '+245 123 45 67', NULL, NULL, NULL, 'xxxxx@email.com', NULL, NULL, NULL, '1'),
(69, 'usviewgb', 'GNB', 'Consultation Guinée Bissau', NULL, NULL, NULL, NULL, NULL, NULL, NULL, NULL, NULL, NULL, '1'),
(70, 'Mr Y O', 'NGA', 'Chief Pharmacist in Food and Drug Service', 'Ministry of Health', 'FDS/Federal Ministry of Health, Abuja, 	', '+234 123456789', NULL, NULL, NULL, 'xxxxx@email.com', NULL, '656d9b535a03ad23', NULL, '1'),
(71, 'Mrs. F O', 'NGA', 'Senior Pharmacist ', 'Federal Medical Stores', ' Lagos ', NULL, NULL, '+234 11 22 33 44 55', NULL, 'xxxx@yemail.com', NULL, NULL, 'Personne ressource Nigeria - Lagos', '1'),
(79, 'usviewnig', 'NGA', 'Consultation Nigeria', NULL, NULL, NULL, NULL, NULL, NULL, NULL, NULL, NULL, NULL, '1'),
(80, 'C D', 'SEN', 'CIB focal point', 'Conseiller Technique Pharmacie', ' Dakar - Senegal', '+221 1234567', '+221 1234567', '', '', 'xxxx@email.fr', '', '', 'test', '1'),
(81, 'Dr D  D', 'SEN', 'Chef Service technique', 'Pharmacie Centrale d\'Approvisionement', ' Dakar-Hann', '+221 1234567', '+221 1234567', NULL, '', '', NULL, '', NULL, '1'),
(82, 'Pape Ibrahima NDAO', 'SEN', 'Chef de service Administratif et Financier de la PNA', 'Pharmacie National d\'Approvisionnement', NULL, '+221 77 63 52 498', NULL, NULL, NULL, 'papaibrandao@yahoo.fr ', NULL, NULL, 'Personne ressource Senegal', '1'),
(85, 'Dr Boubacar Samba DANKOKO', 'SEN', 'CT 1 - Point focal OOAS', 'MINISANTE', 'Rue Aime cesaire- BP:4024 Fann', '+221 869 42 47', '+221 869 43 02', NULL, '+221 869 42 49', 'drdankoko@yahoo.fr', NULL, NULL, NULL, '1'),
(89, 'usviewsen', 'SEN', 'Consultation Sénégal', NULL, NULL, NULL, NULL, NULL, NULL, NULL, NULL, NULL, NULL, '1'),
(90, 'Dr Abdoulaye TANGALY DIALLO', 'GIN', 'Responsable Assurance Qualité et Contrôle Interne ', 'Assurance Qualité et Contrôle Interne ', 'BP 900 Conakry', '+22460588415', '+22464401661 / +22460213893', NULL, NULL, 'tangaly12@yahoo.fr', NULL, NULL, 'Point focal des AIC Guinée', '1'),
(91, 'Dr Karifa DOUNO ', 'GIN', 'Chef de Division', 'Direction Nationale des Pharmacies et  L', 'Conakry', '+224 60 54 40 82 ', NULL, NULL, NULL, 'kadouno06@yahoo.fr', NULL, NULL, 'Personne ressource Guinée ', '1'),
(99, 'usviewgin', 'GIN', 'Consultation Guinée Conakry', NULL, NULL, NULL, NULL, NULL, NULL, NULL, NULL, NULL, NULL, '1'),
(100, 'Dr. Josette AKOUELE MENSAH', 'CIV', 'DIRECTEUR DE L \'APPROVISIONNEMENT ET DE LA PRODUCTION A LA P', 'Ministère de la Santé / PSP', 'BP V 5 ABIDJAN ', '+225 21 21 73 23', '+225 21 24 36 40', '+225 07 77 01 20', '', 'akjosette@yahoo.fr', '', '', 'Point focal des AIC', '1'),
(101, 'Dr Fokouo Yahoua EMMA', 'CIV', 'Pharmacie de Santé Publique (PSP)-Pharmacienne', 'Ministère de la Santé / PSP', 'BP V6', '+225 21 21 73 00 ', ' ', '+225 07 80 46 47 ', '', 'emmafok2000@yahoo.fr ', '', '', 'Personne ressource CIV', '1'),
(102, 'Dr LATTA SAUGONE Carine P.', 'CIV', 'Pharmacienne', 'PSP', '', '+225 21 21 73 00', ' ', '+225 07 77 01 ', NULL, 'lcarineprisca@yahoo.fr', '', ' ', '2eme personne ressource', '1'),
(109, 'usviewciv', 'CIV', 'Consultation Cote d\'Ivoire', NULL, NULL, NULL, NULL, NULL, NULL, NULL, NULL, NULL, NULL, '1'),
(110, 'usviewbfa', 'BFA', 'Consultation Burkina faso', 'DGPML', NULL, NULL, NULL, NULL, NULL, NULL, NULL, NULL, NULL, '1'),
(111, 'Mr SANTOS Francisco Xavier', 'CPV', 'Directeur Financier Emprofac', 'Emprofac', 'Praia', NULL, NULL, NULL, NULL, 'Francisco.xavier@emporofac.cv', NULL, NULL, 'Personne ressource Cap Vert', '1'),
(112, 'Mme Ana Filomena SOARES', 'CPV', 'Deposito Regional de Medicamentos ', 'Deposito Regional de Medicamentos ', 'Cx Postal 472 Sao Vicente', '+238 992 46 04 ', '+238 23 28 769', NULL, NULL, 'direcregfar@cvtelecom.cv', NULL, NULL, 'Point focal des AIC Cap Vert', '1'),
(119, 'usviewcap', 'CPV', 'Consultation Cap Vert', NULL, NULL, NULL, NULL, NULL, NULL, NULL, NULL, NULL, NULL, '1'),
(120, 'Mr ADAMA DEMBELE', 'MLI', 'Directeur Département Approvisionnement ', 'Pharmacie Populaire du Mali', 'Avenue Moussa Trawally BP 277 Bamako, MALI', '+223 20 22 50 93', NULL, NULL, NULL, 'docdembele@yahoo.fr; spdg@ppm-', NULL, NULL, 'Point focal des AIC Mali', '1'),
(121, 'Dr Sekou Oumar DEMBELE', 'MLI', NULL, NULL, NULL, '+223 65 87 83 75', NULL, NULL, NULL, 'dembele_sekou@yahoo.fr', NULL, NULL, 'Personne ressource', '1'),
(129, 'usviewmali', 'MLI', 'Consultation Mali', NULL, NULL, NULL, NULL, NULL, NULL, NULL, NULL, NULL, NULL, '1'),
(130, 'Mr BASSI TURAY ', 'SLE', 'Director ', 'Drugs and Medical Supplies of Sierra Leo', NULL, NULL, NULL, NULL, NULL, 'tommytengbeh@yahoo.com ', NULL, '', 'Personne ressource SL', '1'),
(131, 'Mr. Mohammed KALLON', 'SLE', 'Assistant Procurement Manager ', 'Ministry of Health and Sanitation 4th', NULL, '+223 76 646144 ', NULL, NULL, NULL, 'sweetkallon2002@yahoo.com', NULL, NULL, 'CIB focal point SL', '1'),
(139, 'usviewsl', 'SLE', 'Consultation Sierra Leone', NULL, NULL, NULL, NULL, NULL, NULL, NULL, NULL, NULL, NULL, '1'),
(140, 'Joseph N. B. JIMMY ', 'LBR', 'Assistant Chief Pharmacist ', 'Pharmacy Division, Ministry of Health an', NULL, '', NULL, '+231 6553945', NULL, 'jjosemy2002@yahoo.com ', NULL, NULL, 'CIB focal point ti be designated', '1'),
(141, 'Mr. David Reeves E.', 'LBR', 'National Drug Service (MCO) ', 'National Drug Service (MCO) ', NULL, '+ 231 6531277 ', NULL, NULL, NULL, 'deer10002000@yahoo.com ', NULL, NULL, 'Person ressource Liberia', '1'),
(149, 'usviewlib', 'LBR', 'Consultation Liberia', NULL, NULL, NULL, NULL, NULL, NULL, NULL, NULL, NULL, NULL, '1'),
(150, 'Mrs. Fatoumata JAH SOW', 'GMB', 'Pharmacist', 'National Pharmaceutical Services Central', 'Kotu, KSMD GAMBIA', '+220 44 66 302', '+220 994 61 88', NULL, NULL, 'jahsowe@yahoo.com ', NULL, NULL, 'CIB focal point The Gambia', '1'),
(151, 'Mr. Babanding SABALLY', 'GMB', 'Pharmacist', 'Central Médical Stores National Pharmace', 'Kotu, KSMD GAMBIA', '+220 989 42 22 ', '+220 44 66 302', NULL, NULL, 'saballo45@hotmail.com', NULL, NULL, 'Ressource person', '1'),
(159, 'usviewgam', 'GMB', 'Consultation Gambie', NULL, NULL, NULL, NULL, NULL, NULL, NULL, NULL, NULL, NULL, '1');

-- --------------------------------------------------------

--
-- Structure de la vue `tbuying_view_en`
--
DROP TABLE IF EXISTS `tbuying_view_en`;

CREATE ALGORITHM=UNDEFINED DEFINER=`root`@`localhost` SQL SECURITY DEFINER VIEW `tbuying_view_en`  AS  select distinct _utf8'' AS `checker`,`b`.`tbuying_rowid` AS `tbuying_rowid`,`e`.`tecowas_id` AS `tecowas_id`,`e`.`tecowas_desc` AS `tecowas_desc`,`p`.`tproduct_id` AS `tproduct_id`,`p`.`tproduct_desc` AS `tproduct_desc`,`p`.`tproduct_brand_name` AS `tproduct_brand_name`,`p`.`tproduct_cat` AS `tproduct_cat`,`b`.`tbuying_present_id` AS `tbuying_present_id`,`s`.`tpresent_id` AS `tpresent_id`,`s`.`tpresent_desc` AS `tpresent_desc`,`b`.`tbuying_pack_id` AS `tpack_id`,`k`.`tpack_desc` AS `tpack_desc`,`b`.`tbuying_transport_id` AS `ttransport_id`,`t`.`ttransport_desc` AS `ttransport_desc`,`i`.`tinco_id` AS `tinco_id`,`i`.`tinco_desc` AS `tinco_desc`,`b`.`tbuying_dbid` AS `tbuying_dbid`,`y`.`tcur_id` AS `tcur_id`,`y`.`tcur_desc` AS `tcur_desc`,`y`.`tcur_symb` AS `tcur_symb`,`b`.`tbuying_exr` AS `exr`,`d`.`tsrcfund_id` AS `tsrcfund_id`,`d`.`tsrcfund_desc` AS `tsrcfund_desc`,`o`.`tprov_id` AS `tprov_id`,`o`.`tprov_desc` AS `tprov_desc`,`o`.`tprov_coun_id` AS `tprov_coun_id`,`o`.`tcountry_desc` AS `tprov_coun_desc`,`b`.`tbuying_type_prov_id` AS `ttype_prov_id`,`v`.`ttype_prov_desc` AS `ttype_prov_desc`,`m`.`tmanu_id` AS `tmanu_id`,`m`.`tmanu_desc` AS `tmanu_desc`,`m`.`tmanu_coun_id` AS `tmanu_coun_id`,`m`.`tcountry_desc` AS `tmanu_coun_desc`,`b`.`tbuying_smalunit_id` AS `tsmalunit_id`,`f`.`tsmalunit_desc` AS `tsmalunit_desc`,`b`.`tbuying_ppu` AS `tbuying_ppu`,`b`.`tbuying_ppu_dol` AS `tbuying_ppu_dol`,`b`.`tbuying_ppu_eur` AS `tbuying_ppu_eur`,`b`.`tbuying_tcost` AS `tbuying_tcost`,`b`.`tbuying_qu` AS `tbuying_qu`,`b`.`tbuying_qty_pack` AS `tbuying_qty_pack`,`b`.`tbuying_price_per_pack` AS `tbuying_price_per_pack`,`b`.`tbuying_price_per_pack_dol` AS `tbuying_price_per_pack_dol`,`b`.`tbuying_price_per_pack_eur` AS `tbuying_price_per_pack_eur`,`b`.`tbuying_tcost_dol` AS `tbuying_tcost_dol`,`b`.`tbuying_tcost_eur` AS `tbuying_tcost_eur`,`b`.`tbuying_pack_size` AS `tbuying_pack_size`,`b`.`tbuying_lead_time` AS `tbuying_lead_time`,`b`.`tbuying_remark` AS `tbuying_remark`,`b`.`tbuying_status` AS `tbuying_status` from ((((((((((((`tbuying_07` `b` join `tecowas` `e`) join `tpresent_en` `s`) join `tproduct_en` `p`) join `tpack_en` `k`) join `tincoterm` `i`) join `tcur_en` `y`) join `tsrcfund_en` `d`) join `ttypeprov_en` `v`) join `tprov_country_en_view` `o`) join `tmanuf_country_en_view` `m`) join `ttransport_en` `t`) join `tsmalunit_en` `f`) where ((`b`.`tbuying_ec_id` = `e`.`tecowas_id`) and (`b`.`tbuying_product_id` = `p`.`tproduct_id`) and (`b`.`tbuying_smalunit_id` = `f`.`tsmalunit_id`) and (`b`.`tbuying_pack_id` = `k`.`tpack_id`) and (`b`.`tbuying_present_id` = `s`.`tpresent_id`) and (`b`.`tbuying_inco_id` = `i`.`tinco_id`) and (`b`.`tbuying_cur_id` = `y`.`tcur_id`) and (`b`.`tbuying_srcfund_id` = `d`.`tsrcfund_id`) and (`b`.`tbuying_prov_id` = `o`.`tprov_id`) and (`b`.`tbuying_type_prov_id` = `v`.`ttype_prov_id`) and (`b`.`tbuying_manu_id` = `m`.`tmanu_id`) and (`b`.`tbuying_manu_coun_id` = `m`.`tmanu_coun_id`) and (`b`.`tbuying_transport_id` = `t`.`ttransport_id`)) ;

-- --------------------------------------------------------

--
-- Structure de la vue `tbuying_view_fr`
--
DROP TABLE IF EXISTS `tbuying_view_fr`;

CREATE ALGORITHM=UNDEFINED DEFINER=`root`@`localhost` SQL SECURITY DEFINER VIEW `tbuying_view_fr`  AS  select distinct _utf8'' AS `checker`,`b`.`tbuying_rowid` AS `tbuying_rowid`,`e`.`tecowas_id` AS `tecowas_id`,`e`.`tecowas_desc` AS `tecowas_desc`,`p`.`tproduct_id` AS `tproduct_id`,`p`.`tproduct_desc` AS `tproduct_desc`,`p`.`tproduct_brand_name` AS `tproduct_brand_name`,`p`.`tproduct_cat` AS `tproduct_cat`,`b`.`tbuying_present_id` AS `tbuying_present_id`,`s`.`tpresent_id` AS `tpresent_id`,`s`.`tpresent_desc` AS `tpresent_desc`,`b`.`tbuying_pack_id` AS `tpack_id`,`k`.`tpack_desc` AS `tpack_desc`,`b`.`tbuying_transport_id` AS `ttransport_id`,`t`.`ttransport_desc` AS `ttransport_desc`,`i`.`tinco_id` AS `tinco_id`,`i`.`tinco_desc` AS `tinco_desc`,`b`.`tbuying_dbid` AS `tbuying_dbid`,`y`.`tcur_id` AS `tcur_id`,`y`.`tcur_desc` AS `tcur_desc`,`y`.`tcur_symb` AS `tcur_symb`,`b`.`tbuying_exr` AS `exr`,`d`.`tsrcfund_id` AS `tsrcfund_id`,`d`.`tsrcfund_desc` AS `tsrcfund_desc`,`o`.`tprov_id` AS `tprov_id`,`o`.`tprov_desc` AS `tprov_desc`,`o`.`tprov_coun_id` AS `tprov_coun_id`,`o`.`tcountry_desc` AS `tprov_coun_desc`,`b`.`tbuying_type_prov_id` AS `ttype_prov_id`,`v`.`ttype_prov_desc` AS `ttype_prov_desc`,`m`.`tmanu_id` AS `tmanu_id`,`m`.`tmanu_desc` AS `tmanu_desc`,`m`.`tmanu_coun_id` AS `tmanu_coun_id`,`m`.`tcountry_desc` AS `tmanu_coun_desc`,`b`.`tbuying_smalunit_id` AS `tsmalunit_id`,`f`.`tsmalunit_desc` AS `tsmalunit_desc`,`b`.`tbuying_ppu` AS `tbuying_ppu`,`b`.`tbuying_ppu_dol` AS `tbuying_ppu_dol`,`b`.`tbuying_ppu_eur` AS `tbuying_ppu_eur`,`b`.`tbuying_tcost` AS `tbuying_tcost`,`b`.`tbuying_qu` AS `tbuying_qu`,`b`.`tbuying_qty_pack` AS `tbuying_qty_pack`,`b`.`tbuying_price_per_pack` AS `tbuying_price_per_pack`,`b`.`tbuying_price_per_pack_dol` AS `tbuying_price_per_pack_dol`,`b`.`tbuying_price_per_pack_eur` AS `tbuying_price_per_pack_eur`,`b`.`tbuying_tcost_dol` AS `tbuying_tcost_dol`,`b`.`tbuying_tcost_eur` AS `tbuying_tcost_eur`,`b`.`tbuying_pack_size` AS `tbuying_pack_size`,`b`.`tbuying_lead_time` AS `tbuying_lead_time`,`b`.`tbuying_remark` AS `tbuying_remark`,`b`.`tbuying_status` AS `tbuying_status` from ((((((((((((`tbuying_07` `b` join `tecowas` `e`) join `tpresent_fr` `s`) join `tproduct_fr` `p`) join `tpack_fr` `k`) join `tincoterm` `i`) join `tcur_fr` `y`) join `tsrcfund_fr` `d`) join `ttypeprov_fr` `v`) join `tprov_country_fr_view` `o`) join `tmanuf_country_fr_view` `m`) join `ttransport_fr` `t`) join `tsmalunit_fr` `f`) where ((`b`.`tbuying_ec_id` = `e`.`tecowas_id`) and (`b`.`tbuying_product_id` = `p`.`tproduct_id`) and (`b`.`tbuying_smalunit_id` = `f`.`tsmalunit_id`) and (`b`.`tbuying_pack_id` = `k`.`tpack_id`) and (`b`.`tbuying_present_id` = `s`.`tpresent_id`) and (`b`.`tbuying_inco_id` = `i`.`tinco_id`) and (`b`.`tbuying_cur_id` = `y`.`tcur_id`) and (`b`.`tbuying_srcfund_id` = `d`.`tsrcfund_id`) and (`b`.`tbuying_prov_id` = `o`.`tprov_id`) and (`b`.`tbuying_type_prov_id` = `v`.`ttype_prov_id`) and (`b`.`tbuying_manu_id` = `m`.`tmanu_id`) and (`b`.`tbuying_manu_coun_id` = `m`.`tmanu_coun_id`) and (`b`.`tbuying_transport_id` = `t`.`ttransport_id`)) ;

-- --------------------------------------------------------

--
-- Structure de la vue `tmanuf_country_en_view`
--
DROP TABLE IF EXISTS `tmanuf_country_en_view`;

CREATE ALGORITHM=UNDEFINED DEFINER=`root`@`localhost` SQL SECURITY DEFINER VIEW `tmanuf_country_en_view`  AS  select `m`.`tmanu_id` AS `tmanu_id`,`m`.`tmanu_desc` AS `tmanu_desc`,`m`.`tmanu_coun_id` AS `tmanu_coun_id`,`c`.`tcountry_desc` AS `tcountry_desc`,`m`.`tmanu_adr` AS `tmanu_adr`,`m`.`tmanu_postal` AS `tmanu_postal`,`m`.`tmanu_fax` AS `tmanu_fax`,`m`.`tmanu_tel1` AS `tmanu_tel1`,`m`.`tmanu_tel2` AS `tmanu_tel2`,`m`.`tmanu_email` AS `tmanu_email`,`m`.`tmanu_website` AS `tmanu_website`,`m`.`tmanu_cont` AS `tmanu_cont`,`m`.`tmanu_remark` AS `tmanu_remark`,`m`.`tmanu_status` AS `tmanu_status` from (`tmanufacturer` `m` join `tcountry_en` `c`) where (`m`.`tmanu_coun_id` = `c`.`tcountry_id`) ;

-- --------------------------------------------------------

--
-- Structure de la vue `tmanuf_country_fr_view`
--
DROP TABLE IF EXISTS `tmanuf_country_fr_view`;

CREATE ALGORITHM=UNDEFINED DEFINER=`root`@`localhost` SQL SECURITY DEFINER VIEW `tmanuf_country_fr_view`  AS  select `m`.`tmanu_id` AS `tmanu_id`,`m`.`tmanu_desc` AS `tmanu_desc`,`m`.`tmanu_coun_id` AS `tmanu_coun_id`,`c`.`tcountry_desc` AS `tcountry_desc`,`m`.`tmanu_adr` AS `tmanu_adr`,`m`.`tmanu_postal` AS `tmanu_postal`,`m`.`tmanu_fax` AS `tmanu_fax`,`m`.`tmanu_tel1` AS `tmanu_tel1`,`m`.`tmanu_tel2` AS `tmanu_tel2`,`m`.`tmanu_email` AS `tmanu_email`,`m`.`tmanu_website` AS `tmanu_website`,`m`.`tmanu_cont` AS `tmanu_cont`,`m`.`tmanu_remark` AS `tmanu_remark`,`m`.`tmanu_status` AS `tmanu_status` from (`tmanufacturer` `m` join `tcountry_fr` `c`) where (`m`.`tmanu_coun_id` = `c`.`tcountry_id`) ;

-- --------------------------------------------------------

--
-- Structure de la vue `tprov_country_en_view`
--
DROP TABLE IF EXISTS `tprov_country_en_view`;

CREATE ALGORITHM=UNDEFINED DEFINER=`root`@`localhost` SQL SECURITY DEFINER VIEW `tprov_country_en_view`  AS  select `p`.`tprov_id` AS `tprov_id`,`p`.`tprov_desc` AS `tprov_desc`,`p`.`tprov_coun_id` AS `tprov_coun_id`,`c`.`tcountry_desc` AS `tcountry_desc`,`p`.`tprov_adr` AS `tprov_adr`,`p`.`tprov_postal` AS `tprov_postal`,`p`.`tprov_fax` AS `tprov_fax`,`p`.`tprov_tel1` AS `tprov_tel1`,`p`.`tprov_tel2` AS `tprov_tel2`,`p`.`tprov_email` AS `tprov_email`,`p`.`tprov_website` AS `tprov_website`,`p`.`tprov_cont` AS `tprov_cont`,`p`.`tprov_remark` AS `tprov_remark`,`p`.`tprov_status` AS `tprov_status` from (`tprovider` `p` join `tcountry_en` `c`) where (`p`.`tprov_coun_id` = `c`.`tcountry_id`) ;

-- --------------------------------------------------------

--
-- Structure de la vue `tprov_country_fr_view`
--
DROP TABLE IF EXISTS `tprov_country_fr_view`;

CREATE ALGORITHM=UNDEFINED DEFINER=`root`@`localhost` SQL SECURITY DEFINER VIEW `tprov_country_fr_view`  AS  select `p`.`tprov_id` AS `tprov_id`,`p`.`tprov_desc` AS `tprov_desc`,`p`.`tprov_coun_id` AS `tprov_coun_id`,`c`.`tcountry_desc` AS `tcountry_desc`,`p`.`tprov_adr` AS `tprov_adr`,`p`.`tprov_postal` AS `tprov_postal`,`p`.`tprov_fax` AS `tprov_fax`,`p`.`tprov_tel1` AS `tprov_tel1`,`p`.`tprov_tel2` AS `tprov_tel2`,`p`.`tprov_email` AS `tprov_email`,`p`.`tprov_website` AS `tprov_website`,`p`.`tprov_cont` AS `tprov_cont`,`p`.`tprov_remark` AS `tprov_remark`,`p`.`tprov_status` AS `tprov_status` from (`tprovider` `p` join `tcountry_fr` `c`) where (`p`.`tprov_coun_id` = `c`.`tcountry_id`) ;

-- --------------------------------------------------------

--
-- Structure de la vue `tsupview_fr`
--
DROP TABLE IF EXISTS `tsupview_fr`;

CREATE ALGORITHM=UNDEFINED DEFINER=`root`@`localhost` SQL SECURITY DEFINER VIEW `tsupview_fr`  AS  select `b`.`tbuying_rowid` AS `tbuying_rowid`,`b`.`tecowas_id` AS `tecowas_id`,`b`.`tecowas_desc` AS `tecowas_desc`,`b`.`tprov_id` AS `tprov_id`,`b`.`tprov_desc` AS `tprov_desc`,`b`.`tprov_coun_id` AS `tprov_coun_id`,`b`.`tprov_coun_desc` AS `tprov_coun_desc`,`b`.`tmanu_id` AS `tmanu_id`,`b`.`tmanu_desc` AS `tmanu_desc`,`b`.`tmanu_coun_id` AS `tmanu_coun_id`,`b`.`tmanu_coun_desc` AS `tmanu_coun_desc`,`b`.`tinco_id` AS `tinco_id`,`b`.`tinco_desc` AS `tinco_desc`,`b`.`tpack_id` AS `tpack_id`,`b`.`tpack_desc` AS `tpack_desc`,`b`.`ttransport_id` AS `ttransport_id`,`b`.`ttransport_desc` AS `ttransport_desc`,`b`.`tbuying_present_id` AS `tbuying_present_id`,`b`.`tpresent_desc` AS `tpresent_desc`,`b`.`tproduct_id` AS `tproduct_id`,`b`.`tproduct_desc` AS `tproduct_desc`,`b`.`tproduct_brand_name` AS `tproduct_brand_name`,`b`.`tproduct_cat` AS `tproduct_cat`,`b`.`tbuying_pack_size` AS `tbuying_pack_size`,`b`.`tbuying_price_per_pack` AS `tbuying_price_per_pack`,`b`.`tbuying_price_per_pack_dol` AS `tbuying_price_per_pack_dol`,`b`.`tbuying_price_per_pack_eur` AS `tbuying_price_per_pack_eur`,`b`.`tbuying_lead_time` AS `tbuying_lead_time`,`b`.`tbuying_dbid` AS `tbuying_dbid`,`b`.`tbuying_ppu` AS `tbuying_ppu`,`b`.`tbuying_ppu_dol` AS `tbuying_ppu_dol`,`b`.`tbuying_ppu_eur` AS `tbuying_ppu_eur`,`b`.`tbuying_qu` AS `tbuying_qu`,`b`.`tbuying_qty_pack` AS `tbuying_qty_pack`,`b`.`tbuying_tcost` AS `tbuying_tcost`,`b`.`tbuying_tcost_dol` AS `tbuying_tcost_dol`,`b`.`tbuying_tcost_eur` AS `tbuying_tcost_eur`,`b`.`tcur_id` AS `tcur_id`,`b`.`tcur_desc` AS `tcur_desc`,`b`.`tcur_symb` AS `tcur_symb`,`b`.`exr` AS `exr`,`b`.`tsrcfund_id` AS `tsrcfund_id`,`b`.`tsrcfund_desc` AS `tsrcfund_desc`,`b`.`ttype_prov_id` AS `ttype_prov_id`,`b`.`ttype_prov_desc` AS `ttype_prov_desc`,`b`.`tsmalunit_id` AS `tsmalunit_id`,`b`.`tsmalunit_desc` AS `tsmalunit_desc`,`b`.`tbuying_remark` AS `tbuying_remark`,`b`.`tbuying_status` AS `tbuying_status` from `tbuying_view_fr` `b` ;

--
-- Index pour les tables déchargées
--

--
-- Index pour la table `taccess`
--
ALTER TABLE `taccess`
  ADD PRIMARY KEY (`taccess_id`),
  ADD KEY `taccess_user_name` (`taccess_user_name`);

--
-- Index pour la table `tbuying_07`
--
ALTER TABLE `tbuying_07`
  ADD PRIMARY KEY (`tbuying_ec_id`,`tbuying_product_id`,`tbuying_smalunit_id`,`tbuying_pack_id`,`tbuying_pack_size`,`tbuying_price_per_pack`,`tbuying_qty_pack`,`tbuying_present_id`,`tbuying_inco_id`,`tbuying_dbid`,`tbuying_srcfund_id`,`tbuying_prov_id`,`tbuying_manu_id`,`tbuying_transport_id`),
  ADD KEY `tbuying_rowid` (`tbuying_rowid`);

--
-- Index pour la table `tcategory_en`
--
ALTER TABLE `tcategory_en`
  ADD PRIMARY KEY (`tcateg_id`),
  ADD KEY `tcateg_desc` (`tcateg_desc`);

--
-- Index pour la table `tcategory_fr`
--
ALTER TABLE `tcategory_fr`
  ADD PRIMARY KEY (`tcateg_id`),
  ADD KEY `tcateg_desc` (`tcateg_desc`);

--
-- Index pour la table `tconcentration`
--
ALTER TABLE `tconcentration`
  ADD PRIMARY KEY (`tconcent_id`);

--
-- Index pour la table `tconcentration_en`
--
ALTER TABLE `tconcentration_en`
  ADD PRIMARY KEY (`tconcent_id`),
  ADD KEY `tconcent_desc` (`tconcent_desc`);

--
-- Index pour la table `tconcentration_fr`
--
ALTER TABLE `tconcentration_fr`
  ADD PRIMARY KEY (`tconcent_id`),
  ADD KEY `tconcent_desc` (`tconcent_desc`);

--
-- Index pour la table `tcountry`
--
ALTER TABLE `tcountry`
  ADD PRIMARY KEY (`tcountry_id`),
  ADD KEY `tcountry_id_2` (`tcountry_id`),
  ADD KEY `tcountry_desc` (`tcountry_desc`);

--
-- Index pour la table `tcountry_en`
--
ALTER TABLE `tcountry_en`
  ADD PRIMARY KEY (`tcountry_id`),
  ADD KEY `tcountry_desc` (`tcountry_desc`);

--
-- Index pour la table `tcountry_fr`
--
ALTER TABLE `tcountry_fr`
  ADD PRIMARY KEY (`tcountry_id`),
  ADD KEY `tcountry_desc` (`tcountry_desc`);

--
-- Index pour la table `tcur`
--
ALTER TABLE `tcur`
  ADD PRIMARY KEY (`tcur_id`);

--
-- Index pour la table `tcur_en`
--
ALTER TABLE `tcur_en`
  ADD PRIMARY KEY (`tcur_id`),
  ADD KEY `tcur_desc` (`tcur_desc`);

--
-- Index pour la table `tcur_fr`
--
ALTER TABLE `tcur_fr`
  ADD PRIMARY KEY (`tcur_id`),
  ADD KEY `tcur_desc` (`tcur_desc`);

--
-- Index pour la table `tcur_par`
--
ALTER TABLE `tcur_par`
  ADD PRIMARY KEY (`tcur_par_id`);

--
-- Index pour la table `tdosage`
--
ALTER TABLE `tdosage`
  ADD PRIMARY KEY (`tdosage_id`);

--
-- Index pour la table `tdosage_en`
--
ALTER TABLE `tdosage_en`
  ADD PRIMARY KEY (`tdosage_id`),
  ADD KEY `tdosage_desc` (`tdosage_desc`);

--
-- Index pour la table `tdosage_fr`
--
ALTER TABLE `tdosage_fr`
  ADD PRIMARY KEY (`tdosage_id`);

--
-- Index pour la table `tecowas`
--
ALTER TABLE `tecowas`
  ADD PRIMARY KEY (`tecowas_id`),
  ADD KEY `tecowas_desc` (`tecowas_desc`);

--
-- Index pour la table `tincoterm`
--
ALTER TABLE `tincoterm`
  ADD PRIMARY KEY (`tinco_id`),
  ADD KEY `tinco_desc` (`tinco_desc`),
  ADD KEY `tinco_id` (`tinco_id`);

--
-- Index pour la table `tmanufacturer`
--
ALTER TABLE `tmanufacturer`
  ADD PRIMARY KEY (`tmanu_id`),
  ADD KEY `tmanu_desc` (`tmanu_desc`);

--
-- Index pour la table `tmanufacturers`
--
ALTER TABLE `tmanufacturers`
  ADD PRIMARY KEY (`tmanu_id`),
  ADD KEY `tmanu_desc` (`tmanu_desc`);

--
-- Index pour la table `tpack`
--
ALTER TABLE `tpack`
  ADD PRIMARY KEY (`tpack_id`);

--
-- Index pour la table `tpack_en`
--
ALTER TABLE `tpack_en`
  ADD PRIMARY KEY (`tpack_id`),
  ADD KEY `tpack_desc` (`tpack_desc`);

--
-- Index pour la table `tpack_fr`
--
ALTER TABLE `tpack_fr`
  ADD PRIMARY KEY (`tpack_id`),
  ADD KEY `tpack_desc` (`tpack_desc`);

--
-- Index pour la table `tpresent`
--
ALTER TABLE `tpresent`
  ADD PRIMARY KEY (`tpresent_id`),
  ADD UNIQUE KEY `tpresent_id` (`tpresent_id`);

--
-- Index pour la table `tpresent_en`
--
ALTER TABLE `tpresent_en`
  ADD PRIMARY KEY (`tpresent_id`),
  ADD KEY `tpresent_desc` (`tpresent_desc`);

--
-- Index pour la table `tpresent_fr`
--
ALTER TABLE `tpresent_fr`
  ADD PRIMARY KEY (`tpresent_id`),
  ADD KEY `tpresent_desc` (`tpresent_desc`);

--
-- Index pour la table `tproduct`
--
ALTER TABLE `tproduct`
  ADD PRIMARY KEY (`tproduct_id`),
  ADD UNIQUE KEY `tproduct_id` (`tproduct_id`),
  ADD KEY `tproduct_id_2` (`tproduct_id`),
  ADD KEY `tproduct_id_3` (`tproduct_id`),
  ADD KEY `tproduct_desc` (`tproduct_desc`);

--
-- Index pour la table `tproduct_en`
--
ALTER TABLE `tproduct_en`
  ADD PRIMARY KEY (`tproduct_id`),
  ADD KEY `tproduct_desc` (`tproduct_desc`);

--
-- Index pour la table `tproduct_fr`
--
ALTER TABLE `tproduct_fr`
  ADD PRIMARY KEY (`tproduct_id`),
  ADD KEY `tproduct_desc` (`tproduct_desc`);

--
-- Index pour la table `tprovider`
--
ALTER TABLE `tprovider`
  ADD PRIMARY KEY (`tprov_id`),
  ADD KEY `tprov_desc` (`tprov_desc`);

--
-- Index pour la table `tprovtype`
--
ALTER TABLE `tprovtype`
  ADD PRIMARY KEY (`tprovtype_id`);

--
-- Index pour la table `tsmalunit`
--
ALTER TABLE `tsmalunit`
  ADD PRIMARY KEY (`tsmalunit_id`);

--
-- Index pour la table `tsmalunit_en`
--
ALTER TABLE `tsmalunit_en`
  ADD PRIMARY KEY (`tsmalunit_id`);

--
-- Index pour la table `tsmalunit_fr`
--
ALTER TABLE `tsmalunit_fr`
  ADD PRIMARY KEY (`tsmalunit_id`);

--
-- Index pour la table `tsrcfund`
--
ALTER TABLE `tsrcfund`
  ADD PRIMARY KEY (`tsrcfund_id`);

--
-- Index pour la table `tsrcfund_en`
--
ALTER TABLE `tsrcfund_en`
  ADD PRIMARY KEY (`tsrcfund_id`);

--
-- Index pour la table `tsrcfund_fr`
--
ALTER TABLE `tsrcfund_fr`
  ADD PRIMARY KEY (`tsrcfund_id`);

--
-- Index pour la table `ttransport`
--
ALTER TABLE `ttransport`
  ADD PRIMARY KEY (`ttransport_id`),
  ADD UNIQUE KEY `ttransport_id` (`ttransport_id`);

--
-- Index pour la table `ttransport_en`
--
ALTER TABLE `ttransport_en`
  ADD PRIMARY KEY (`ttransport_id`),
  ADD UNIQUE KEY `ttransport_id` (`ttransport_id`);

--
-- Index pour la table `ttransport_fr`
--
ALTER TABLE `ttransport_fr`
  ADD PRIMARY KEY (`ttransport_id`),
  ADD UNIQUE KEY `ttransport_id` (`ttransport_id`);

--
-- Index pour la table `ttypeprov`
--
ALTER TABLE `ttypeprov`
  ADD PRIMARY KEY (`ttype_prov_id`),
  ADD UNIQUE KEY `ttype_prov_id` (`ttype_prov_id`);

--
-- Index pour la table `ttypeprov_en`
--
ALTER TABLE `ttypeprov_en`
  ADD PRIMARY KEY (`ttype_prov_id`),
  ADD KEY `ttype_prov_desc` (`ttype_prov_desc`);

--
-- Index pour la table `ttypeprov_fr`
--
ALTER TABLE `ttypeprov_fr`
  ADD PRIMARY KEY (`ttype_prov_id`),
  ADD KEY `ttype_prov_desc` (`ttype_prov_desc`);

--
-- Index pour la table `ttypuser`
--
ALTER TABLE `ttypuser`
  ADD PRIMARY KEY (`ttypuser_id`);

--
-- Index pour la table `tusers`
--
ALTER TABLE `tusers`
  ADD PRIMARY KEY (`tusers_id`);

--
-- AUTO_INCREMENT pour les tables déchargées
--

--
-- AUTO_INCREMENT pour la table `taccess`
--
ALTER TABLE `taccess`
  MODIFY `taccess_id` int(3) NOT NULL AUTO_INCREMENT, AUTO_INCREMENT=223;

--
-- AUTO_INCREMENT pour la table `tbuying_07`
--
ALTER TABLE `tbuying_07`
  MODIFY `tbuying_rowid` int(6) NOT NULL AUTO_INCREMENT, AUTO_INCREMENT=2008;

--
-- AUTO_INCREMENT pour la table `tconcentration`
--
ALTER TABLE `tconcentration`
  MODIFY `tconcent_id` tinyint(3) NOT NULL AUTO_INCREMENT, AUTO_INCREMENT=13;

--
-- AUTO_INCREMENT pour la table `tconcentration_en`
--
ALTER TABLE `tconcentration_en`
  MODIFY `tconcent_id` tinyint(3) NOT NULL AUTO_INCREMENT, AUTO_INCREMENT=100;

--
-- AUTO_INCREMENT pour la table `tconcentration_fr`
--
ALTER TABLE `tconcentration_fr`
  MODIFY `tconcent_id` tinyint(3) NOT NULL AUTO_INCREMENT, AUTO_INCREMENT=100;

--
-- AUTO_INCREMENT pour la table `tpack`
--
ALTER TABLE `tpack`
  MODIFY `tpack_id` int(3) NOT NULL AUTO_INCREMENT, AUTO_INCREMENT=3;

--
-- AUTO_INCREMENT pour la table `tpack_en`
--
ALTER TABLE `tpack_en`
  MODIFY `tpack_id` int(3) NOT NULL AUTO_INCREMENT, AUTO_INCREMENT=3;

--
-- AUTO_INCREMENT pour la table `tpack_fr`
--
ALTER TABLE `tpack_fr`
  MODIFY `tpack_id` int(3) NOT NULL AUTO_INCREMENT, AUTO_INCREMENT=3;

--
-- AUTO_INCREMENT pour la table `tpresent`
--
ALTER TABLE `tpresent`
  MODIFY `tpresent_id` int(3) NOT NULL AUTO_INCREMENT, AUTO_INCREMENT=4;

--
-- AUTO_INCREMENT pour la table `tpresent_en`
--
ALTER TABLE `tpresent_en`
  MODIFY `tpresent_id` int(3) NOT NULL AUTO_INCREMENT, AUTO_INCREMENT=4;

--
-- AUTO_INCREMENT pour la table `tpresent_fr`
--
ALTER TABLE `tpresent_fr`
  MODIFY `tpresent_id` int(3) NOT NULL AUTO_INCREMENT, AUTO_INCREMENT=4;

--
-- AUTO_INCREMENT pour la table `tprovtype`
--
ALTER TABLE `tprovtype`
  MODIFY `tprovtype_id` int(3) NOT NULL AUTO_INCREMENT, AUTO_INCREMENT=27;

--
-- AUTO_INCREMENT pour la table `tusers`
--
ALTER TABLE `tusers`
  MODIFY `tusers_id` int(3) NOT NULL AUTO_INCREMENT, AUTO_INCREMENT=160;
COMMIT;

/*!40101 SET CHARACTER_SET_CLIENT=@OLD_CHARACTER_SET_CLIENT */;
/*!40101 SET CHARACTER_SET_RESULTS=@OLD_CHARACTER_SET_RESULTS */;
/*!40101 SET COLLATION_CONNECTION=@OLD_COLLATION_CONNECTION */;
